,note,associated_genders,text,id
0,,Masculine,"['Also in 1896 he married Ellen Milne McCulloch.', 'men', '""Beauty Prizewinner"" shows Miss Elizabeth Heitmuller who was awarded the £400 golden apple', 'men', 'men']","[4913, 52151, 52289, 53472, 59241]"
1,,Multiple,"['Letters to Florence Jewel Baillie from her mother, Florence Fowler, covering personal, family and social matters']",[1205]
2,,Unclear,['a man'],[57896]
3,"""he had his sons"" rather than ""they had their sons,"" as if the sons belong to the father and not the mother",Multiple,"['married Annie Macpherson, by whom he had his sons John, Donald Macpherson and Peter']",[3447]
4,"a woman ""acted as"" rather than was a clinical clerk, despite all the qualifications listed for her",Multiple,['acted as a'],[13554]
5,"a woman's role simply defined in relation to her husband (""as his wife"") rather than having a role in her own right",Multiple,"[""Following John Baillie's appointment as Moderator of the General Assembly of the Church of Scotland in 1942, Florence Jewel Baillie attended Assembly and related events and meetings as his wife""]",[4208]
6,"assumption of male as default - women's diseases need their own subject, but not men's diseases",Multiple,['Diseases of Women'],[44023]
7,"assumption of male as default; diseases specific to women need to be called out (more information needed, but likely there wasn't a ""diseases of men"" class)",Multiple,['Diseases of Women'],[23361]
8,assumption that the woman's role in reproduction is to be a vessel,Multiple,['by whom he had his sons'],[3449]
9,attire associated with only one gender (women),Feminine,['a woman in a bikini'],[68272]
10,attire associated with only one gender (women),Multiple,['the dress worn by women'],[60022]
11,binary gender,Multiple,['male and female'],[51993]
12,biographical information for a woman only about her family,Multiple,"['Florence Jewel Baillie corresponded extensively with members of the extended Fowler and Pearse families and with many friends and associates throught her life. Family included, in particular, her father and mother (Richard and Florence Fowler) her sister Mai.']",[3978]
13,blaming difficulty keeping career going on being a young woman with children,Multiple,['As a young married woman with two small children - Kathleen and Margaret - she found it difficult to keep her medical career going'],[13659]
14,can one really say from looking at a photograph that all five people are females?,Multiple,['five unidentified females'],[14480]
15,can one really say from looking at a photograph that the people depicted are females?,Multiple,['female'],[14956]
16,can we really determine gender from a photograph?,Feminine,['woman'],[7454]
17,can we really say gender of a person based on a photograph?,Feminine,['woman'],[16189]
18,can we really say gender of a person based on a photograph?,Masculine,"['man', 'men', 'men', 'men', 'man', 'man', 'man', 'men', 'man']","[16032, 16048, 16058, 16064, 16073, 16177, 16212, 16226, 16233]"
19,can we really say sex of a person based on a photograph?,Masculine,['males'],[14799]
20,can we really say sex of a person based on a photograph?,Multiple,"['female', 'female', 'female', 'females']","[14645, 14651, 14791, 16166]"
21,chair named after man,Unclear,['Sir William Fraser Chair'],[49789]
22,"collection of a single person, presumably a man, referred to by person's last name",Masculine,"['The Sprigge collection', 'The Sprigge collection']","[25256, 25278]"
23,"couldn't jewel have had the same interests as her husband, rather than taking an interest in his interests?  more information needed",Multiple,"[""Jewel took an active interest in her husband's work, accompanying when he travelled, sitting on charitable committees, looking after missionary furlough houses and much more. She also wrote a preface to his Baptism and Conversion and a foreward to his A Reasoned Faith""]",[3755]
24,demeaning description of woman,Feminine,['A Pretty Equestrienne'],[51069]
25,demeaning towards women,Feminine,['Bringing a Harem to Texas'],[53977]
26,derogatory description of woman,Multiple,['Mrs Hart spends guineas on dross and marks it in her book for education'],[27456]
27,derogatory language,Unclear,['Woman Hater'],[51077]
28,derogatory phrase,Unclear,['Woman Hater'],[53513]
29,diminutive/nickname for woman's first name,Feminine,"['Lotte', 'Lotte']","[31698, 31723]"
30,"diseases of females need to be called out into separate class, rather than worked into all classes",Multiple,['Diseases peculiar to Females'],[25537]
31,excessive feminization,Unclear,"['Negrette', 'authoress']","[59470, 77130]"
32,"excessive feminization, assumption of male default",Multiple,['Shepherdess'],[12094]
33,"excessive feminization, assumption of male defaults",Masculine,['Instructresses'],[14428]
34,expectation of what a young lady of this period would read,Multiple,['not normally associated'],[49496]
35,family described as belonging to a man,Masculine,['the family of Robert Nutter Campbell'],[27476]
36,family described as belonging to a single person who is presumably a man,Unclear,['family of'],[47700]
37,"father named first, mother second, despite her superior historical and contextual importance",Multiple,"[""daughter of lawyer Dr. Richard Pankhurst and women's suffrage movement leader Emmeline Pankhurst""]",[77186]
38,female labour on behalf of husband goes unpaid and not properly credited,Multiple,"[""Jewel took an active interest in her husband's work, accompanying when he travelled, sitting on charitable committees, looking after missionary furlough houses and much more""]",[3753]
39,female parent prioritised,Multiple,"['her three sons, John, Donald Macpherson and Peter', 'her unmarried son, Donald']","[4123, 4145]"
40,focus on woman's sexuality,Feminine,['Virgin'],[47857]
41,form of address characteristic of male homosocial group bonding,Masculine,['The Very Rev Prof James Whyte'],[0]
42,g,Masculine,['men'],[15148]
43,gender assumed,Feminine,"['woman', 'woman', 'woman', 'woman', 'woman', 'woman', 'woman', 'woman', 'woman', 'women', 'womwn', 'women', 'woman', 'woman', 'woman', 'Tribeswomen', 'woman', 'women', 'woman', 'women', 'women', 'girls', 'women', 'woman', 'woman', 'women', 'woman', 'women', 'girls', 'woman', 'woman', 'woman', 'woman', 'women', 'woman', 'woman', 'women', 'girl', 'woman', 'woman', 'girl', 'women', 'woman', 'woman', 'women', 'woman', 'woman', 'women', 'women', 'women', 'women', 'women', 'women', 'girl', 'woman', 'women', 'woman', 'women', 'woman', 'woman', 'girls', 'girls', 'woman', 'woman', 'girl', 'woman', 'women', 'woman', 'women', 'woman', 'girl', 'women', 'woman', 'woman', 'woman', 'women', 'women', 'woman', 'women', 'women', 'woman', 'woman', 'woman', 'woman', 'girl', 'girl', 'women', 'woman', 'women', 'women', 'women', 'women', 'woman', 'women', 'girl', 'woman', 'women', 'women', 'women', 'women', 'women', 'woman', 'girl', 'women', 'woman', 'women', 'woman', 'tribeswomen', 'women', 'women', 'woman', 'women', 'women', 'women', 'woman', 'woman', 'women']","[6412, 6413, 7455, 10087, 10447, 10452, 10457, 11913, 11920, 13499, 13506, 15345, 15622, 16182, 16190, 51500, 51707, 51728, 52028, 52046, 52118, 52140, 52159, 52231, 52444, 52766, 52827, 53172, 53237, 53363, 53386, 53407, 53462, 53527, 53650, 53746, 53809, 53872, 53934, 53946, 53968, 53989, 54063, 54192, 54370, 54387, 54402, 54492, 54496, 54656, 54719, 54757, 54864, 54920, 54998, 55098, 55174, 55184, 55206, 55274, 55296, 55303, 55311, 55327, 55334, 55670, 55901, 55936, 55976, 56004, 56045, 56149, 56154, 56327, 56456, 56569, 56580, 56625, 56661, 56708, 56885, 56915, 56951, 57086, 57210, 57353, 57456, 57647, 57722, 57749, 57754, 57818, 57858, 57889, 57893, 58012, 58127, 58132, 58150, 58158, 58185, 58255, 58344, 58386, 58477, 58861, 58956, 58997, 59015, 59076, 59213, 59218, 59517, 59619, 59703, 59833, 59984]"
44,gender assumed,Masculine,"['man', 'man', 'boys', 'man', 'boy', 'men', 'men', 'men', 'men', 'men', 'man', 'men', 'men', 'men', 'man', 'man', 'man', 'men', 'man', 'boys', 'man', 'boy', 'boy', 'man', 'man', 'men', 'Schoolboys', 'man', 'man', 'men and boys', 'men', 'man', 'men', 'men', 'men', 'man', 'man', 'man', 'man', 'man', 'man', 'man', 'man', 'man', 'boy', 'boys', 'man', 'man', 'man', 'men', 'men', 'men', 'man', 'men', 'male figures', 'men', 'men', 'men', 'men', 'man', 'man', 'man', 'man', 'man', 'man', 'man', 'man', 'men', 'man', 'man', 'men', 'man', 'men', 'man', 'man', 'man', 'men', 'men', 'man', 'man', 'men', 'men', 'man', 'boy', 'man', 'man', 'man', 'man', 'men', 'men', 'men', 'men', 'man', 'men', 'man', 'man', 'man', 'man', 'man', 'man', 'man', 'man', 'man', 'man', 'man', 'men', 'men', 'men', 'man', 'men', 'man', 'men', 'man', 'men', 'man', 'man', 'man', 'man', 'boy', 'man', 'man', 'men', 'men', 'man', 'man', 'men', 'men', 'man', 'man', 'man', 'boys', 'man', 'men', 'man', 'men', 'man', 'man', 'man', 'men', 'man', 'man', 'men', 'man', 'men', 'men', 'men', 'men', 'men', 'man', 'man', 'man', 'man', 'man', 'boy', 'man', 'men', 'man', 'man', 'men', 'man', 'man', 'man', 'boy', 'men', 'boys', 'man', 'man', 'man', 'man', 'men', 'men', 'man', 'men', 'men', 'men', 'men', 'boy', 'boy', 'man', 'boy', 'men', 'men', 'man', 'man', 'men', 'man', 'man', 'men', 'man', 'man', 'man', 'man', 'man', 'men', 'men', 'man', 'man', 'man', 'man', 'man', 'men', 'men', 'man', 'man', 'man', 'men', 'men', 'man', 'man', 'men', 'man', 'men', 'man', 'men', 'men', 'man', 'men', 'man', 'men', 'men', 'men', 'man', 'men', 'man', 'man', 'man', 'man', 'man', 'men', 'man', 'men', 'men', 'men', 'men', 'man', 'man', 'man', 'man', 'men', 'man', 'man', 'men', 'man', 'man', 'men', 'man', 'man', 'man', 'boy', 'man', 'man', 'man', 'man', 'man', 'men', 'man', 'man', 'men', 'man', 'men', 'men', 'men', 'men', 'men', 'men', 'boys', 'man', 'man', 'men', 'man', 'man', 'men', 'man', 'man', 'man', 'men', 'men', 'man', 'men', 'men', 'man', 'man', 'men', 'men', 'men', 'man', 'man', 'men', 'men', 'man', 'man', 'men', 'men', 'man', 'men', 'man', 'man', 'men', 'man', 'man', 'man', 'man', 'man', 'men', 'men', 'men', 'men', 'man', 'man', 'men', 'man', 'men', 'men', 'men', 'men', 'man', 'man', 'man', 'men', 'men', 'man', 'men', 'men', 'man', 'man', 'men', 'man', 'men', 'man', 'man', 'men', 'man', 'men', 'men', 'man', 'men', 'man', 'men', 'man', 'man', 'men', 'boys', 'men', 'man', 'man', 'men', 'men', 'men', 'men', 'man', 'man', 'man', 'man', 'men', 'man', 'man', 'men', 'man', 'men', 'man', 'man', 'man', 'man', 'man', 'man', 'man', 'man', 'man', 'man', 'men', 'man', 'man', 'men', 'man', 'man', 'man', 'man', 'men', 'man', 'men', 'man', 'men', 'men', 'men', 'man', 'men', 'man', 'men', 'man', 'man', 'men', 'man', 'man', 'man', 'man', 'man', 'men', 'man', 'men', 'man', 'men', 'man', 'men', 'men', 'man', 'men', 'men', 'men', 'man', 'men', 'man', 'his', 'his', 'man', 'him', 'man', 'men', 'man', 'man', 'man', 'man', 'men', 'man', 'men', 'man', 'men', 'men', 'men', 'men', 'men', 'man', 'men', 'cowboys', 'cowboys', 'men', 'man', 'men', 'man', 'man', 'men', 'men', 'man', 'man', 'man', 'men', 'man', 'men', 'man', 'man', 'men', 'cowboys', 'man', 'man', 'boys', 'man', 'man', 'man', 'man', 'men', 'man', 'boys', 'men', 'man', 'men', 'man', 'man', 'men', 'boys', 'man', 'men', 'boys', 'man', 'man', 'man', 'man', 'man', 'men', 'man', 'man', 'man', 'men', 'man', 'man', 'man', 'man', 'man', 'man', 'men', 'men', 'man', 'man', 'men', 'man', 'man', 'men', 'men', 'men', 'men', 'men', 'men', 'men', 'man', 'man', 'men', 'man', 'men', 'man', 'men', 'men', 'men', 'men', 'men', 'men', 'man', 'man', 'man', 'man', 'men', 'man', 'men', 'man', 'man', 'men', 'man', 'men', 'man', 'man', 'man', 'man', 'man', 'men', 'men', 'man', 'men', 'man', 'his', 'man', 'men', 'men', 'man', 'men', 'men', 'men', 'man', 'cowboys', 'man', 'men', 'men', 'men', 'men', 'man', 'men', 'man', 'man', 'men', 'man', 'man', 'men', 'man', 'his', 'men', 'cowboys', 'men', 'man', 'men', 'men', 'man', 'man', 'man', 'man', 'man', 'man', 'men', 'men', 'boys', 'boy', 'man', 'man', 'man', 'man', 'man', 'man', 'man', 'men', 'man', 'men', 'man', 'men', 'man', 'man', 'man', 'boys', 'man', 'man', 'man', 'men', 'man', 'men', 'men', 'men', 'men', 'men', 'man', 'man', 'man', 'man', 'man', 'men', 'man', 'man', 'men', 'men', 'man', 'man', 'him', 'men', 'men', 'boys', 'cowboys', 'men', 'men', 'men', 'man', 'cowboy', 'man', 'man', 'boys', 'men', 'man', 'man', 'his', 'men', 'man', 'men', 'boy', 'boy', 'man', 'man', 'men', 'man', 'man', 'man', 'men', 'men', 'men', 'man', 'men', 'men', 'man', 'men', 'men', 'men', 'man', 'man', 'man', 'man', 'men', 'men', 'man', 'man', 'man', 'his', 'men', 'man', 'man', 'men', 'boy', 'men', 'men', 'men', 'man', 'man', 'man', 'man', 'man', 'man', 'man', 'men', 'man', 'men', 'his', 'men', 'man', 'man', 'men', 'men', 'men', 'man', 'men', 'men', 'men', 'man', 'man', 'men', 'man', 'men', 'man', 'men', 'man', 'man', 'men', 'man', 'men', 'man', 'cowboy', 'men', 'man', 'man', 'cowboy', 'man', 'man', 'man', 'his', 'man', 'men', 'men', 'man', 'man', 'men', 'cowboys', 'men', 'men', 'men', 'man', 'men', 'men', 'man', 'men', 'men', 'man', 'man', 'men', 'men', 'boys', 'man', 'men', 'man', 'men', 'man', 'man', 'men', 'man', 'men', 'men', 'men', 'man', 'men', 'men', 'men', 'men', 'men', 'men', 'men', 'man', 'men', 'men', 'men', 'man', 'men', 'men', 'men', 'boys', 'men', 'man', 'men', 'men', 'man', 'men', 'man', 'his', 'men', 'man', 'man', 'men', 'men', 'cowboys', 'men', 'men', 'man', 'boys', 'man', 'man', 'man', 'men', 'men', 'men', 'man', 'man', 'man', 'men', 'man', 'man', 'his', 'man', 'man', 'man', 'man', 'man', 'man']","[14280, 14685, 15077, 15128, 15407, 15431, 15443, 15644, 15858, 15869, 16033, 16049, 16059, 16065, 16074, 16178, 16213, 16227, 16234, 17376, 26471, 26658, 26839, 50200, 50206, 50356, 50971, 51667, 51674, 51681, 51692, 51697, 51704, 51723, 51735, 51742, 51748, 51753, 51764, 51769, 51775, 51788, 51793, 51811, 51825, 51829, 51846, 51867, 51875, 51882, 51891, 51896, 51907, 51923, 51932, 51936, 51943, 51951, 51957, 51963, 52003, 52021, 52034, 52055, 52060, 52071, 52078, 52090, 52096, 52104, 52110, 52147, 52152, 52178, 52184, 52192, 52198, 52203, 52207, 52210, 52222, 52235, 52248, 52252, 52258, 52269, 52274, 52280, 52287, 52299, 52314, 52318, 52323, 52330, 52336, 52363, 52379, 52407, 52413, 52429, 52450, 52478, 52484, 52490, 52495, 52506, 52517, 52520, 52525, 52529, 52541, 52547, 52557, 52563, 52571, 52574, 52585, 52592, 52600, 52613, 52619, 52625, 52639, 52661, 52666, 52678, 52681, 52687, 52694, 52706, 52747, 52751, 52761, 52800, 52808, 52822, 52837, 52840, 52849, 52855, 52863, 52867, 52874, 52893, 52899, 52904, 52910, 52921, 52926, 52933, 52942, 52946, 52952, 52958, 52968, 52972, 52984, 52989, 53017, 53023, 53028, 53034, 53040, 53063, 53066, 53075, 53084, 53090, 53110, 53117, 53124, 53136, 53142, 53155, 53159, 53169, 53187, 53201, 53205, 53208, 53212, 53217, 53223, 53230, 53233, 53247, 53255, 53275, 53284, 53300, 53323, 53347, 53359, 53368, 53374, 53380, 53392, 53397, 53403, 53421, 53433, 53438, 53445, 53454, 53457, 53468, 53473, 53483, 53489, 53523, 53541, 53551, 53556, 53560, 53567, 53585, 53603, 53614, 53620, 53685, 53695, 53705, 53711, 53716, 53719, 53722, 53730, 53741, 53757, 53763, 53785, 53815, 53826, 53832, 53835, 53853, 53856, 53860, 53864, 53868, 53877, 53891, 53898, 53920, 53925, 53930, 53950, 53955, 53963, 53982, 53985, 53997, 54003, 54009, 54015, 54022, 54052, 54082, 54085, 54089, 54095, 54110, 54118, 54129, 54161, 54166, 54198, 54202, 54216, 54228, 54233, 54238, 54242, 54254, 54277, 54297, 54307, 54316, 54320, 54340, 54342, 54347, 54352, 54365, 54377, 54383, 54397, 54407, 54431, 54437, 54443, 54448, 54455, 54467, 54484, 54501, 54506, 54511, 54521, 54526, 54534, 54539, 54544, 54595, 54600, 54616, 54641, 54647, 54652, 54663, 54668, 54674, 54684, 54734, 54752, 54761, 54765, 54793, 54798, 54802, 54807, 54830, 54834, 54840, 54854, 54860, 54890, 54900, 54913, 54926, 54948, 54955, 54961, 54980, 54989, 54994, 55003, 55018, 55024, 55032, 55038, 55043, 55048, 55057, 55064, 55070, 55093, 55118, 55133, 55138, 55150, 55172, 55179, 55190, 55199, 55211, 55217, 55229, 55243, 55249, 55262, 55269, 55322, 55516, 55529, 55540, 55545, 55555, 55582, 55588, 55593, 55605, 55611, 55638, 55646, 55651, 55656, 55660, 55665, 55697, 55707, 55712, 55717, 55753, 55764, 55769, 55778, 55783, 55787, 55792, 55797, 55817, 55823, 55838, 55843, 55848, 55857, 55882, 55906, 55911, 55915, 55921, 55926, 55931, 55959, 55963, 55972, 55995, 56015, 56020, 56029, 56035, 56060, 56065, 56067, 56086, 56093, 56100, 56106, 56111, 56116, 56121, 56126, 56132, 56144, 56162, 56171, 56175, 56186, 56195, 56208, 56213, 56218, 56222, 56227, 56243, 56270, 56276, 56281, 56288, 56293, 56311, 56316, 56323, 56332, 56339, 56359, 56364, 56369, 56374, 56378, 56383, 56388, 56393, 56398, 56403, 56408, 56414, 56419, 56424, 56444, 56452, 56462, 56480, 56485, 56491, 56521, 56524, 56529, 56584, 56589, 56597, 56602, 56610, 56629, 56642, 56647, 56652, 56703, 56713, 56718, 56741, 56749, 56758, 56779, 56784, 56789, 56794, 56799, 56806, 56811, 56816, 56849, 56854, 56871, 56877, 56896, 56901, 56932, 56942, 56966, 56972, 56977, 56981, 56991, 57008, 57014, 57029, 57034, 57044, 57081, 57128, 57136, 57142, 57147, 57152, 57157, 57175, 57180, 57191, 57204, 57216, 57234, 57252, 57257, 57263, 57268, 57287, 57292, 57299, 57310, 57315, 57323, 57328, 57333, 57336, 57341, 57347, 57370, 57388, 57405, 57420, 57425, 57435, 57462, 57467, 57472, 57479, 57484, 57489, 57495, 57500, 57505, 57517, 57523, 57535, 57543, 57547, 57552, 57561, 57564, 57572, 57575, 57581, 57586, 57593, 57600, 57607, 57616, 57637, 57642, 57657, 57662, 57667, 57674, 57684, 57702, 57710, 57728, 57781, 57786, 57791, 57796, 57803, 57809, 57813, 57841, 57847, 57869, 57874, 57897, 57902, 57910, 57915, 57922, 57948, 57953, 57958, 57972, 57976, 57981, 57992, 57997, 58002, 58007, 58017, 58026, 58031, 58036, 58041, 58051, 58082, 58087, 58092, 58095, 58108, 58112, 58117, 58122, 58145, 58181, 58190, 58219, 58238, 58243, 58251, 58268, 58273, 58290, 58296, 58308, 58324, 58329, 58334, 58339, 58350, 58355, 58375, 58382, 58392, 58397, 58402, 58407, 58414, 58419, 58424, 58428, 58436, 58441, 58462, 58467, 58472, 58482, 58499, 58504, 58511, 58516, 58535, 58549, 58561, 58565, 58567, 58601, 58606, 58614, 58617, 58652, 58660, 58665, 58677, 58682, 58689, 58694, 58699, 58709, 58714, 58730, 58760, 58765, 58783, 58795, 58807, 58820, 58825, 58837, 58843, 58847, 58852, 58856, 58889, 58896, 58915, 58920, 58936, 58943, 58948, 58960, 58981, 59020, 59025, 59031, 59036, 59041, 59045, 59050, 59055, 59081, 59092, 59100, 59105, 59112, 59125, 59128, 59133, 59139, 59152, 59170, 59180, 59185, 59192, 59204, 59223, 59231, 59236, 59240, 59247, 59259, 59280, 59285, 59294, 59299, 59310, 59315, 59319, 59328, 59333, 59342, 59346, 59361, 59375, 59398, 59404, 59410, 59416, 59421, 59431, 59449, 59489, 59502, 59506, 59513, 59527, 59532, 59537, 59545, 59551, 59557, 59563, 59587, 59597, 59605, 59610, 59615, 59652, 59667, 59675, 59685, 59690, 59695, 59698, 59708, 59739, 59800, 59811, 59816, 59823, 59828, 59838, 59845, 59856, 59861, 59866, 59871, 59876, 59899, 59905, 59942, 59958, 59963, 59980, 59992, 60005, 60008, 60013, 60028, 60037, 60055, 60064, 60085]"
45,gender assumed,Multiple,"['female', 'men and women', 'mother', 'father', 'female', 'her', 'her', 'her']","[25423, 52008, 52385, 52388, 52552, 57356, 57861, 59226]"
46,gender assumed,Unclear,"['Men', 'Pan Women', 'Man', 'Man', 'Negrette', 'Men', 'Man', 'Men', 'Man', 'Milkmen', 'Men', 'Women', 'Women', 'Woman', 'Men', 'Men', 'Men', 'Women', 'Man', 'Women', 'Girl', 'Man', 'Women', 'Man', 'Man', 'Men', 'Man', 'Girl', 'Man', 'Men', 'Tribesman', 'Man', 'Woman', 'Women', 'Man', 'Women', 'Women', 'Woman', 'Man', 'Woman', 'Ladies', 'Woman', 'Man', 'Man', 'Tribesmen', 'Men', 'Man', 'Women', 'Man', 'Man', 'son', 'tribesman', 'tribesman', 'Englishmen', 'policeman', 'Men', 'tribesmen', 'Men', 'policemen', 'Girl', 'Men']","[50286, 50316, 50389, 50473, 50480, 50597, 50602, 50633, 50641, 50686, 50695, 50735, 50738, 50759, 50766, 50772, 50784, 50788, 50795, 50839, 50845, 50864, 50896, 50951, 50976, 50993, 51014, 51050, 51107, 51113, 51124, 51128, 51132, 51139, 51144, 51162, 51256, 51261, 51265, 51274, 51304, 51337, 51342, 51423, 51489, 51579, 51622, 51628, 51632, 51655, 52391, 53909, 54474, 55598, 56040, 56166, 57621, 58099, 58596, 59672, 59974]"
47,gendered language noted by archivist,Masculine,"[""The certificate was designed for a male student and the word 'he' has not been amended"", 'The certificate had been designed for a male student, and Mr has been overwritten with Miss', ""The certificate was designed for a male student, and 'He' has been corrected to 'She'""]","[28590, 28596, 28603]"
48,gendered language noted by archivist,Multiple,"[""In addition there are 17 examples of the Second Class Certificate of Merit issued by the University (Faculty of Medicine) indicating that SUSAN Binnie had 'acquitted himself' as a member of class between 1916 and 1921""]",[13558]
49,general - man listed as active party and woman as passive,Feminine,['John Baillie met Florence Jewel Fowler'],[3472]
50,"graduates described as ""girls"" instead of ""women""",Feminine,['girl'],[25439]
51,high reputation of man for his work,Masculine,"['World renowned', 'considered to be one of the leading chemists']","[41666, 44398]"
52,honor or achievement by man,Masculine,"['being presented with the award', 'earned him from King Charles the degree of D.D.', 'his discoveries and theories', 'His efforts returned hundreds of men to the Continental Army at a critical moment']","[37507, 48581, 77348, 77422]"
53,honor or achievement by man,Multiple,"['was one of the Founding Fathers', 'was also one of the Founding Fathers']","[77315, 77374]"
54,honor or achievement by man,Unclear,"['First Class Honours', 'Member', 'honorary consultant clinical neurophysiologist', 'Fellow', 'Fellow', 'Fellow', 'Honorary Neurophysiological Specialist', 'honorary degree of D.D.', 'He invented', 'He facilitated many civic organizations', 'founder of Dickinson College', 'He studied', 'He served as', 'He studied at', 'He had also studied at']","[48480, 48490, 48504, 48507, 48515, 48519, 48543, 49117, 77351, 77355, 77388, 77392, 77397, 77412, 77415]"
55,honor or achievement held by man,Masculine,"['Knighthood', 'knighthood', 'Knighthood', 'Honorary secretary', 'knighthood', 'Royal Arch Mason', 'awarded the declaration of the Third Class of the Order of Polonia Restituta', 'Honorary Fellow of the Educational Institute of Scotland', 'foreign honorary member of the American Academy of Arts and Sciences', 'honorary member', 'Foreign Associate of the National Academy of Sciences of the United States of America', 'fellow', 'Honorary Fellowship of the British Psychological Society', 'Rector Emeritus', 'honorary fellow', 'Knighthood', 'knighthood', 'elected Fellow of the Royal College of Physicians', 'became President', 'member of the International Academy of the History of Science', 'Honorary Guest Member of Generation Science Club', 'elected Fellow of the Royal College of Physicians', 'academic honours', 'knighthood', 'member of the Royal Medical Society of Edinburgh', 'Fellow of the Royal Medical Society', 'Fellow of the Royal Society of Edinburgh', 'awarded with an OBE', 'Honorary Doctorate', 'Fellow of the British Academy', 'Fellow of the Royal Historical Society', 'Honorary Fellow of the Faculty of Actuaries', 'Emeritus Professor of Economic History', 'Senior Lalor Fellowship', 'PhD', 'PhD', 'Beatty was co-chairman', 'Fellowship', 'Senior Lalor Fellow', 'PhD', 'Nobel Prize in Physiology or Medicine', 'Stapledon scholar', 'chairs', 'member', 'President', 'honorary degree', 'Companion of the Order of the Bath', 'Civil Knight Commander of the Bath', 'Fellow of the Royal Society', 'the sole editor', 'became a member', 'became a member', 'was sometime president', 'won the Guy Medal in Gold', 'was sometime president', 'won the Guy Medal in Gold']","[35577, 35585, 35599, 35788, 35956, 35971, 35982, 35990, 35995, 36000, 36005, 36010, 36019, 36074, 37804, 39618, 39629, 41369, 41374, 41702, 43893, 44322, 44564, 44565, 44852, 44856, 44909, 44911, 44915, 44917, 44919, 44921, 44927, 46190, 46305, 46317, 46319, 46338, 46508, 46518, 46528, 46644, 46859, 46876, 46878, 49766, 49770, 49774, 61388, 61406, 61411, 61421, 61489, 61493, 61512, 61516]"
56,honor or achievement held by man,Multiple,['published'],[61395]
57,"honor or achievement held by man (""that body"" referring to the royal college of physicians)",Masculine,['He became President of that body'],[44327]
58,honour or achievement held by man,Masculine,"['first class honours degree', 'first class honours', 'distinction', 'Companion of Honour', 'Honorary DD degree', 'Honourable Mention', 'Chaplain to the King', 'Honorary DD degree certificate', 'OBE', 'Baillie Room', 'Companion of Honour', 'honorary degree', 'Honorary DD degree', 'Honorary DD', 'honorary degrees', 'Companion of Honour', 'Honorary DD', 'Fellow of the Royal Society of Edinburgh', 'OBE', 'KBE', 'Fellow of the Royal Scottish Society of Arts', 'Fellow of the Royal Society of Edinburgh', 'Honorary Librarian', 'Honorary Librarian', 'Honorary Librarian', 'Honorary Librarian', 'Honorary Librarian', 'Order of the Star of Sarawak', 'Honorary Secretary', 'University Librarian Emeritus', 'mathematical prize and scholarship', 'Fellow of the Society of Antiquaries', 'Fellow of the Royal Society', 'master of mechanics', 'honorary conductor', 'Junior Research Fellowship', 'Fellow Emeritus', 'Knight Commander', 'Knight Commander of the Star of India', 'C.B.', 'K.B.E.', 'K.C.I.E', 'K.C.I.E.', 'Fellowship of the Royal Society', 'Sir Thomas Middleton Memorial Trust and Lecture', 'Royal Commission on Agriculture', 'C.B.', 'Knight Commander of the Order of the British Empire', 'Knight Commander of the Indian Empire', 'Master of the Household', 'Vasa Order', 'First Class Honours in Geology', 'Fellow of the Poultry Science Association', 'Tom Newman Memorial Prize Winner', 'Robert Osborne of the Poultry Research Centre being awarded the Neill Prize', 'first class honours in Botany', 'Fellow of the Royal Society', 'knighted', 'Fellow of the Botanical Society', 'FRS', 'honorary member of the Scottish Economic Society', 'Fellow of the Edinburgh Geological Society and of the Society of Antiquaries of Scotland', 'Rector of Edinburgh University', 'first class honours', 'president of the Scottish Text Society', 'honorary president', 'fellow of the British Academy and of the Royal Society of Edinburgh', 'Reader Emeritus', 'President of the British Psychological Society', 'President of the Society for Psychical Research', 'President of Section J (Psychology) of the British Association for the Advancement of Science', '14 academic session medals (5 silver and 9 bronze) awarded to James Roland Rider', 'British War and Victory medals', 'C.B.', 'knighted', 'Junior President', 'Order of the British Empire (O.B.E.)', 'Fellow, Royal Society of Edinburgh', 'Order of the British Empire (C.B.E.', 'honorary LL.D', 'Fellow of the Royal College of Physicians of Edinburgh', 'Royal Geographical Society Prize Medal', 'Lord Meadowbank', 'knighted', 'Military Cross', 'He was created Viscount Dunrossil of Vallaquie', 'G.C.M.G', 'as chief of clan and name Morrison', 'Faculty of Law Class Merit Lists', 'Faculty of Law Class Merit Lists', 'Medals, awards and decorations of William Hunter', '1st Class)', 'Gold Medal', 'Grand Officer of the Serbian Order', 'Companion Order of the Bath (CB)', 'Fellow of the Royal College of Physicians', 'Fellow of the Royal Society of Edinburgh', 'Honorary LL.D.', 'knighted', 'President of the Royal College of Veterinary Surgeons', 'Vice-President of the Royal College of Veterinary Surgeons', 'Warden of the Worshipful Company of Farriers', 'President of the Royal College of Veterinary Surgeons', 'Emeritus Professor at Edinburgh University', 'Emeritus Professor and Honorary Fellow', 'President of the Aristotelian Society', 'Fellow of the Royal Society of Edinburgh', 'Military Cross', 'Fellow of the Royal College of Surgeons', 'Fellow of the Royal College of Physicians', 'Fellow of the Royal College of Surgeons of Edinburgh', 'Rector', 'knighted', 'Emeritus Professor of Accounting', 'Nobel-nominee', 'honorary commodore', 'honorary blue', 'Rector', 'Victoria Cross', 'He was created a Baron in 1892 and an Earl and Viscount', 'He was given a State Funeral', 'OBE', 'OBE', 'Rector of Glasgow University', 'First Class Honours degree', 'Emeritus Professor', 'Emeritus Professor of Psychology', 'United States National Academy of Sciences', 'US National Medal of Science', 'Edinburgh University medal', ""University Rector's Assessor"", 'Honorary Secretary', 'Honorary Editor', 'O.B.E.', 'Bronze Medal', 'Bronze Medal for Physiology (Second Prize)', 'Fellow of the Royal Meteorological Society', 'First Class Honours', 'Eldon Scholarship', 'Fellow of the British Academy.', 'Honorary LL.D', 'honorary degrees', 'Knight Bachelor', 'Royal Society fellowship', 'Royal Society Visiting Professorship', 'Fellow of the Royal Society of Edinburgh', 'honorary doctorate', 'honorary doctorate', 'Professor Emeritus', 'Fellow of the Royal Society of Edinburgh', 'Fellow of the British Academy', 'Medals and Honours awarded to Sir George Taylo', 'First Class Honours', 'prestigious biology prize - the Vans Dunlop Scholarship.', 'Knighted', 'many many Honours and Medals', 'Honorary Dr.Phil.', 'Honorary Doctorate', 'Fellow of the Royal Society of Edinburgh', 'Royal Society of Science', 'Fellow of the Royal Society', 'Royal College of Obstetricians and Gynaecologists', 'Fellow of the Royal Medical Society of Edinburgh', 'Edinburgh Obstetrical Society', 'knighted', 'knighted', 'Honorary Senior Lecturer', 'Surgeon to the Queen', 'CBE', 'Honorary Fellow of the Royal Australasian College of Surgeons', 'President of the Royal College of Surgeons', 'First', 'First Class Honours', 'Companion of the Order of the British Empire (OBE)', 'Fellow of the Society of Antiquaries of Scotland', 'Officer of the Order of the British Empire', 'awarded a bronze medal by the Carnegie Hero Fund', 'knighted', 'John Rylands Library', 'President of the Edinburgh Bibliographical Society', 'physician to the Prince Regent', ""Chairman of the Salvesen's Ex-Whalers Club"", 'Medals of William A. Knowles', '1st Class Honours in Mathematics', 'Rockefeller Travelling Fellowship', 'Rockefeller Foundation Studentship', 'Rockefeller Travelling Fellowship', 'Emeritus Professor of Medicine', 'Lord Lieutenant', 'Knight Commander of the Royal Victorian Order', 'Class Medal in Clinical Surgery', 'Military Cross', 'honorary fellow of the Royal Australasian and American Colleges of Surgeons', 'surgeon to His Majesty the King in Scotland', 'Knight Commander of the Royal Victorian Order', 'Baronet', 'Honorary Surgeon in Scotland to HM the King', 'first-class honours degree', 'Society of Antiquaries', 'Royal College of Physicians', 'Knighthood', 'knighthood', 'Knighthood', 'Honorary secretary', 'order of Polonia Restituta', 'knighthood', 'Sir Godfrey Thomson Court', 'Royal Arch Mason', 'Third Class of the Order of Polonia Restituta', 'Honorary Fellow of the Educational Institute of Scotland', 'foreign honorary member of the American Academy of Arts and Sciences', 'honorary member', 'Foreign Associate of the National Academy of Sciences of the United States of America', 'Honorary Fellowship of the British Psychological Society', 'Rector Emeritus', 'honorary fellow', 'knighthood', 'Knighthood', 'knighthood', 'gold medal', 'knighthood', 'Godfrey Thomson Research fund', 'military cross', 'knighthood', ""Queen's Scholarship"", 'Nobel prize', 'Summa cum Laude', 'Godfrey Thomson Unit', 'fellowship of the Royal Society of Edinburgh', 'Third Class of the Order of Polonia Restituta', 'Presidency of the British Psychological Society', 'honorary membership of the American Academy of Arts and Sciences', 'Knighthood', 'knighthood', 'Fellow of the Royal College of Physicians', 'President', 'First Class Honours degree', '1st Class Honours', 'International Academy of the History of Science', 'OBE', 'Fellowship of the Royal Society of Edinburgh', 'Fellowship of the Royal Society', 'Honorary Fellowship of the Royal Medical Society', 'honorary membership of the Generation Science Club', 'Fellowship of the Academy of Medical Sciences', 'Foreign Associate of the National Academy of Sciences', 'Fellowship of the Academy', 'Paul Ehrlich and Ludwig Darmstaedter Prize', 'honorary doctoral degree', 'honorary fellowships', 'Lord Lloyd of Kilgerran Prize', 'European Embryo Transfer Society Pioneer Award', 'OBE', 'Honorary Guest Member', 'Fellow of the Royal College of Physicians', 'President', 'President of the Royal College of Physicians', 'knighthood', 'Knight of the Polar Star', 'First Class Honours', 'Royal Medical Society of Edinburgh', 'Fellow of the Royal Medical Society', 'Fellow of the Royal Society of Edinburgh', 'OBE', 'Honorary Doctorate', 'Fellow of the British Academy', 'Fellow of the Royal Historical Society', 'Honorary Fellow of the Faculty of Actuaries', 'Emeritus Professor of Economic History', 'knighted', 'knighthood', 'Knight First Class of the Order of the White Rose of Finland', 'Albert Einstein College of Medicine', 'Fellowship', 'Nobel Prize', 'Wernerian Natural History Society', 'First Class Honours', 'honorary consultant clinical neurophysiologist', 'Fellow of the Royal Society', 'Fellow of the Royal College of Physicians', 'Fellow of the Royal College of Physicians', 'Honorary Neurophysiological Specialist', 'honorary degree', 'Fellow of the Royal Society', 'honorary degree', 'Companion of the Order of the Bath', 'Civil Knight Commander of the Bath', 'President of the Society of Legal Scholars', 'Poet Laureate', '[Cecil] Rhodes Statue', 'Victory Cross', 'wearing his medals']","[61, 178, 200, 410, 484, 1158, 1798, 1820, 1936, 2252, 2432, 2609, 2875, 3199, 3519, 3523, 3680, 4584, 4609, 4610, 4779, 4796, 5200, 5232, 5345, 5628, 5636, 5680, 5697, 5906, 5983, 5997, 5999, 6092, 6253, 6316, 6349, 8157, 13061, 13282, 13283, 13285, 13290, 13307, 13317, 13391, 13395, 13396, 13401, 13954, 13959, 14008, 14390, 14952, 15451, 21829, 21847, 21857, 22461, 22599, 22806, 22828, 22849, 22967, 23007, 23008, 23015, 23164, 23170, 23171, 23172, 23183, 23239, 23321, 23324, 23589, 23630, 23644, 23652, 23655, 23718, 23912, 24244, 24332, 24614, 24712, 24716, 24743, 24812, 24845, 24853, 24884, 24885, 24927, 24930, 24945, 24947, 24950, 25048, 25177, 25201, 25239, 25241, 25372, 25375, 25378, 25381, 25485, 25512, 25529, 25542, 25831, 25971, 26007, 26024, 26280, 26281, 26931, 26990, 26993, 27013, 27029, 27071, 27273, 27528, 27540, 27581, 27710, 27713, 27727, 27786, 27793, 27794, 27800, 28671, 28715, 28812, 28851, 28853, 28901, 28908, 28909, 28912, 30147, 30329, 30399, 30591, 30595, 30746, 30785, 30788, 30832, 30909, 30910, 30951, 30959, 30962, 30963, 30966, 30967, 30968, 31377, 31380, 31381, 31492, 31552, 32445, 32449, 32454, 32455, 32459, 32633, 32737, 32774, 32784, 32787, 32866, 32999, 33379, 33384, 33442, 33564, 33871, 33902, 33926, 33943, 33960, 33997, 34277, 34283, 34330, 34354, 34363, 34375, 34384, 34385, 34408, 34453, 34652, 35142, 35578, 35586, 35600, 35789, 35925, 35957, 35964, 35972, 35983, 35991, 35996, 36001, 36006, 36020, 36075, 37805, 38870, 39619, 39630, 40260, 40485, 40614, 40724, 40792, 40839, 40850, 40855, 40919, 40985, 40986, 40988, 40989, 40990, 41209, 41370, 41375, 41558, 41673, 41703, 41714, 43333, 43336, 43339, 43342, 43345, 43348, 43455, 43499, 43504, 43598, 43644, 43678, 43773, 43892, 44323, 44328, 44405, 44566, 44571, 44791, 44853, 44857, 44910, 44912, 44916, 44918, 44920, 44922, 44928, 45038, 45085, 45093, 45788, 46339, 46527, 46748, 48481, 48505, 48508, 48516, 48520, 48544, 49116, 49625, 49767, 49771, 49775, 49972, 50186, 51592, 53734, 53799]"
59,honour or achievement held by man,Multiple,"['Distinguished Service Awards medal', 'Honorary Sheriff', 'in memory of her late husband, James Tait Black', 'honorary member of the Association of Polish teachers', 'Ernst Schering Prize', 'who founded the southern African territory of Rhodesia, which was named after him']","[15794, 22809, 32550, 39331, 43795, 54746]"
60,honour or achievement held by woman,Multiple,['Merit in Professional Subjects'],[33245]
61,house as property of man alone,Unclear,"[""workman's home""]",[55318]
62,husband represented as the active party in marrying. alternative: mamaine and arthur' marriage,Masculine,"[""Koestler's marriage to Mamaine""]",[69898]
63,info about male family member included in woman's biography,Multiple,"['Her brother had also graduated as a doctor, and during the First World War he served on submarines. In the post-War years, John Binnie set up a medical practice in Midcalder and Susan Binnie worked for him in the practice for a short while.']",[13626]
64,"intelligent women and their choices described negatively (as a ""problem"")",Multiple,['problem'],[39709]
65,john baillie keeps records of wife's finances,Feminine,"[""He also kept details of some of Florence Jewel Baillie's finances and various sets of receipts""]",[3556]
66,"last name of man generalized, turned into an ""ian""",Unclear,['Straussian'],[11461]
67,"last name turned into a noun ""-ism"" - to reference work of a single man",Unclear,['Bouldingisms'],[25992]
68,last name turned into an -ian to refer to work of a single man,Unclear,['Keynesian'],[26029]
69,"letters to fjb about family matters, not spiritual or academic matters like her husband",Multiple,"['Letters from Mai Fowler to Florence Jewel Baillie, covering personal matters along with wider family and social ones.', 'Letters to Florence Jewel Baillie from her aunts, Mary and Sarah Fowler, covering personal, family and social matters']","[2701, 3034]"
70,"likened to a ""bad"" child has positive connotations for men (a young and successful man who does things in a way that is very different from the usual way), while for women, it has negative connotations - sexual impropriety",Multiple,['Bad boy of biology'],[64644]
71,luck personified in a female character - carries the cultural assumption that women are capricious,Multiple,['Lady Luck'],[65895]
72,male default assumption - female must be called out specifically in name of award,Multiple,['Female Championship Cup'],[58815]
73,male default assumption - woman must be called out as an owner,Feminine,['Woman Owner'],[57275]
74,male family members prioritised,Masculine,"['to William and Agnes', 'Ruth and Michael Lerner', 'eldest son of Edward Wakefield (1774-1854), philanthropist and statistician, and grandson of merchant Edward Wakefield (1750-1826) and author and philanthropist Priscilla Wakefield', 'his child', 'William and Charlotte Ledermann', 'showing descendants of Henry Brinton', 'daughter of the Oxford mathematician Edward Murray Wrong (1889-1928) and Rosalind Grace Wrong (Smith)', 'son of John Blake Penfold, a painter, and Marianne Penfold', 'son of John Berry, 3rd of Tayfield (1824-1877) and Margaret Higgins Burn-Murdoch', 'son of Alexander and Isabella Maconochie', 'Lord and Lady Meadowbank had four sons', 'one of eight sons of John Morrison of Torinturk, Argyll, and Marion Morrison', 'the daughter of James Millar Lowe, a coal agent, and Margaret Lowe', 'the son of J. Smith, DL. JP, and Agnes Smith', 'son of George William Taylor, a painter, and Jane Sloan who had been in domestic service.', 'Prince and Princess of Wales', 'John and Agnes Bartholomew', 'He was one of two sons of Colin Mackenzie Dundas', 'son of William Scott Robson and Elizabeth Hannah Watt', 'His parents were Sir Felix John Morgan Brunner (1897-1982) and Dorothea Elizabeth', 'daughter of Arthur Joseph Lawrence Pollen and Hon. Daphne Baring', 'His parents were Thomas Archibald Miller Brownlie (1879-1962) a civil engineer working in Faisalabad (now in modern Pakistan) and Jessie Forsyth Brownlie (Smith)', 'His parents were Captain J. S. Elliot RN and Magda Salvesen', 'John, Lord Mount Stuart and Elizabeth McDouall-Crichton', 'daughter of James V and Mary of Guise', 'the son of John Campbell, 1st Baron Cawdor and Lady Caroline Howard', 'Alex and Isabe']","[49, 15030, 16570, 18248, 21001, 21169, 21227, 23519, 23616, 24185, 24267, 24590, 28611, 28838, 30896, 31171, 31197, 33501, 33931, 34203, 34259, 44645, 44986, 47552, 48874, 49604, 52065]"
75,male family members prioritised,Multiple,"['the son of the Rev. Andrew Bogle (d. 1900), Minister of Callander Free Church, and Catherine Nisbet Bogle', 'he had two sons, and then secondly, after the death of Jean in 1915, to Ethel Margaret Theresa Masson in 1917 with whom he had another son', 'His great-grandfather', ""Lundholm's grandfather"", 'He was the son of Robert Baillie of Jerviswood and, through his mother Rachel, grandson of Sir Archibald Johnston of Warriston', 'She was the eldest child of Norman James Dorward and Elizabeth Haig Bruce. Her father, and his brother Adam, ran the family tweed clothing manufacturing firm', 'to William Campbell (1755-1829) and his wife Agnes (nee Riggs)', 'William Scott of Harden and his wife Elizabeth Ker', 'William Scott of Harden and his wife Elizabet Ker', 'William Scott of Harden and his wife Elizabet Ker', 'and his wife Jeanne', 'Her father was a farmer and her mother a musician', 'He was the sixth son of the Rev. Henry Erskine (1624-1696) by his second wife Margaret Halcro.', 'the son of a Parsi father and a Spanish-Sicilian mother', 'Professor Tom Pear and his wife, Catherine', 'the grandson of Donald Macdonald, of Sandside, Caithness, and was the only son of Lt-Col. William Donald MacDonald of the 93rd (Sutherland Highlanders) Regiment of Foot (1827-1862) and Miss Emma Anne Elizabeth Lindsay']","[4874, 13866, 13936, 13963, 17174, 26150, 27459, 27851, 27861, 27878, 27975, 31200, 32218, 34537, 35728, 49669]"
76,male parent listed first,Masculine,"['His parents were Goesta Lundholm, a chemist, and Dr. Agnes Barr Auchencloss']",[13922]
77,male parent listed first,Multiple,"['son of the Reverend Alexander Cheyne, United Free Church Minister of Errol, and Catherine Anna Campbell', 'him and his wife Sheila', 'John Baillie was born in 1886, the son of Rev John Baillie ( 1829-1891), Free Church minister at Gairloch, Ross & Cromarty in the north-west of Scotland, and his wife Annie Macpherson', 'Florence Jewel Fowler was born in 1893, at Erdington, near Birmingham, the daughter of Richard Fowler, land agent & surveyor, and his wife Florence Pearse', 'John Baillie was born in 1886, the son of Rev John Baillie ( 1829-1891), Free Church minister at Gairloch, Ross & Cromarty in the north-west of Scotland, and his wife Annie Macpherson', 'father and mother (Richard and Florence Fowler)', 'the daughter of shipmaster Donald Macpherson and his wife Catherine McIntyre']","[148, 1947, 3066, 3718, 3818, 3991, 4075]"
78,man associated with leadership role,Masculine,"['leading Scottish Theologian', 'key figure', 'he was in charge of the Intelligence Department', 'key figures', 'leading British authority']","[7, 101, 13047, 14484, 77543]"
79,man associated with male-dominated disciplines,Masculine,['eleven men who were graduates in agriculture'],[59713]
80,man associated with outstanding professional achievement,Masculine,['the great novelist'],[77482]
81,man associated with outstanding professional achievement,Multiple,['probably the most distinguished'],[77584]
82,"man associated with technology, operating machinery",Masculine,"['men and machinery', 'men using a machine to press hay', 'man driving a sports car']","[58893, 59244, 76407]"
83,man associated with work and career,Masculine,"['about Thomson regarding his life, work, and career']",[39745]
84,man defined in terms of academic achievement and awards,Masculine,['awarded honorary degrees from a number of universities and colleges'],[3518]
85,man defined in terms of academic achievement and awards,Multiple,"['acquired numerous qualifications and other awards', 'amassed honourable mentions and other achievements']","[3490, 3497]"
86,"man described as the active party in marriage, while woman as passive",Multiple,"['Halliwell married the eldest daughter of Sir Thomas Phillipps', 'who he was marrying', 'e married Judith Ann Horrocks', 'he married the novelist Lisa St Aubin de Terán', 'He married a colleague of his']","[6045, 56547, 60631, 61586, 77585]"
87,man described in terms of wealth and possessions,Masculine,['richest man in Ancona'],[5023]
88,man identified with surname. first name missing - assumption that it is common knowledge,Masculine,"['Asquith', 'Ramsay Macdonald']","[56676, 56679]"
89,man listed first before woman,Multiple,"['John Baillie and Florence Jewel Fowler', 'John and Jewel Baillie', 'John and Jewel Baillie', 'John and Jewel Baillie']","[1490, 2557, 3053, 3261]"
90,man named as sole owner of property,Multiple,"[""Donald Macpherson Baillie's estate""]",[2915]
91,man referenced by last name only,Unclear,['Kantian'],[274]
92,man represented as solely responsible for the family's finances,Masculine,['his investments'],[1427]
93,man represented as solely responsible for the family's finances. alternative: details of some of florence jewel baillie's finances are also mentioned/included.,Masculine,"[""He also kept details of some of Florence Jewel Baillie's finances""]",[3555]
94,"man's first name turned into an adjective - ""ic"" - after napoleon",Unclear,['Napoleonic'],[38301]
95,"man's first name turned into an adjective - ""ic"" - after napoleon (""napoleonic"")",Unclear,['Napoleonic'],[49388]
96,man's importance described without evidence being provided for it,Unclear,['He made a major and substantial contribution'],[77426]
97,"man's last name turned into a noun - ""iana""",Unclear,['Shakesperiana'],[6098]
98,"man's last name turned into a noun - ""ism""",Unclear,['Spinozism'],[25298]
99,"man's last name turned into an adjective - ""ian"" - after abraham gottlob werner",Unclear,['Wernerian'],[46747]
100,"man's last name turned into an adjective - ""ian"" - after charles hermite",Unclear,"['Hermitian', 'Hermitian']","[36690, 37917]"
101,"man's last name turned into an adjective - ""ian"" - after gregor mendel",Unclear,['Mendelain'],[36863]
102,"man's name turned into a noun ""-ism"" - after luigi galvani",Feminine,['galvanism'],[49142]
103,"man's name turned into a noun ""-ism"" - after luigi galvani",Unclear,"['Galvanism', 'Galvanism', 'Galvanism']","[49092, 49136, 49137]"
104,"man's name turned into an adjective ""-ic"" - after luigi galvani",Feminine,['galvanic'],[49141]
105,"man's name turned into an adjective ""-ic"" - after napoleon",Unclear,['Napoleonic'],[77153]
106,man's success described without providing evidence,Masculine,['is believed to have become prominent in the field'],[61463]
107,marriage - man listed as active party,Masculine,"['he married Ellis Matthew', 'he married Dr. Sybil Monteith Dick Wood,', 'he married Renee Cameron', 'he married Mary Kynoch Macdonald', 'he married Marjorie Bennetts', 'he married Margaret Ruth Whale', 'he married Lillian Margaret Coke']","[31353, 32414, 32649, 33952, 44673, 45019, 49703]"
108,marriage - man listed as active party,Multiple,"['He married his wife', 'Brunner married Mary Rose Catherine Pollen']","[21112, 34254]"
109,marriage - man listed as active party,Unclear,"['Tom Allan married Jane Moore', 'Maconochie married Elizabeth Welwood', 'Dobbie married Jean Fulton Hamilton', 'James Campbell married Mary Combe', 'He married Ann Scott', 'Dundas married Winifred Hersey MacKenzie', 'Josiah married Joan Elizabeth Thomas (Eliza Thomas).', 'Kenrick married Isabel Witte', 'MacDonald had married Emma Lindsay']","[71, 24216, 24414, 27484, 33470, 33529, 35207, 45445, 50099]"
110,marriage - man listed as active party and woman as passive,Feminine,"['David H. Stam was married', 'He married twice', 'Eric Olof Lundholm married Dorothy Vida Henning', 'Freshwater married Nancy (Annie) Swingler', 'Sprigge married Giglia Gordon', 'Sir John married three times']","[5849, 13858, 14044, 16471, 25353, 25744]"
111,marriage - man listed as active party and woman as passive,Multiple,"['The end of that war saw his marriage to Florence Jewel Fowler and the start of his academic career.', 'In 1875 he moved to Gairloch and 10 years later married Annie Macpherson, by whom he had his sons John, Donald Macpherson and Peter', 'The end of that war saw his marriage to Florence Jewel Fowler and the start of his academic caree', 'in 1896 he married Ellen Milne McCulloch', 'Halliwell married the eldest daughter of Sir Thomas Phillipps', 'he married Elizabeth Scarth of Kirkwall', 'he married Helen Scott Brown', 'he married Grisell', 'he married Winifred Betts', 'Scott had married Heather Fretwell', 'he married Christina Struthers', 'the marriage of the Duke of Edinburgh to the Grand Duchess Marie Alexandrovna', 'William Berry married Wilhelmina Barns-Graham', 'He had married the Hon. Bride Faith Louisa Fremantle', 'he had married Emily Hopkins Haldeman', 'he married Katharine Allison Swan', 'he married Beatrice Fielden', 'he married Matilda Sinclair', 'he married Marianne Kidd', 'he had married Ann Dorothea Tindall', 'he married Frances Mary Young']","[3111, 3443, 3862, 4914, 6044, 13758, 13802, 17219, 21384, 21620, 21961, 22831, 23633, 23658, 23944, 24648, 24902, 27266, 28740, 28876, 30754]"
112,marriage described as a man's action,Masculine,['he married Judith Ann Horrocks'],[60630]
113,"marriage described as a man's possession - ""his marriage"" rather than ""married to""",Multiple,['The end of that war saw his marriage to Florence Jewel Fowler'],[3110]
114,"marriage described as though belonging to the male partner - ""his marriage"" rather than ""their marriage""",Multiple,['saw his marriage to Florence Jewel Fowler'],[3863]
115,material collected by fjb all relates to marital role and husband's work,Multiple,"['A selection of memorabilia gathered together by Florence Jewel Baillie, concerning John Baillie and their life together. Includes correspondence, press cuttings, items relating to their wedding and poetry written by John Baillie.']",[2640]
116,"materials described as relating to walter scott's life in widest sense, no mention of domestic or familial matters, only work",Masculine,"['This series contains cuttings from British newspapers that relate, in the widest possible sense, to the life and works of Sir Walter Scott']",[5486]
117,men associated with hands-on tasks,Masculine,['Practical Man'],[15981]
118,men associated with leadership role (the following list of names only includes men),Masculine,['key figures'],[14760]
119,men associated with physical labour,Masculine,"['a method of tying a horse that only requires one man', 'the whole structure being moved by one man', 'Men digging the trenches', 'men building piles of charcoal']","[57611, 57725, 58103, 58940]"
120,men providing for women,Multiple,"[""had been put forward by a group of prominent Scotsmen in March 1812. The fund would protect 'widows, sisters and other females' from poverty""]",[60584]
121,method named for man,Unclear,['Thomson'],[38349]
122,more information needed - did dexter fail or did publishers not want to publish her research?,Multiple,['Dexter failed to find a publisher for this research'],[21676]
123,"more information needed, but is she really young enough to be called a girl, or should she be a woman?",Multiple,['girl'],[53506]
124,"mother given a subordinate role in reproduction. non-biased alternative: ""they had a son""",Multiple,['with whom he had another son.'],[13876]
125,"mother given a subordinate role in reproduction. non-biased alternative: ""they had two sons""",Multiple,['with whom he had two sons'],[13862]
126,not sure if should be annotated,Multiple,"['Fatherless children', 'Two photographs - on the left, \'A Pretty Equestrienne\' shows a girl, Miss Ashton Wilson from Chicago with her horse; and on the right, \'A ""Woman Hater""\' shows a horse being trained for police work in London rearing up at the sight of dummies dressed as women in the early/mid 20th century']","[39451, 53503]"
127,observatory named after a women given new neutral name,Multiple,"['This roof-top pavilion was constructed in 1850 to the design of Marie Therese Short to house her Victorian optical instrument, and was originally called ""Short\'s Observatory"". Geddes bought the whole building in 1892 and changed the name to ""The Outlook Tower"".']",[26789]
128,"obstetrics (pregnancy, childrearing) had been skipped over even in subject entirely about giving birth - what on earth had midwifery covered before???",Multiple,"['Young was the first Professor of Midwifery at Edinburgh to actually lecture on the subject of obstetrics.', 'Young was the first Professor of Midwifery at Edinburgh to actually lecture on the subject of obstetrics.', 'Young was the first Professor of Midwifery at Edinburgh to actually lecture on the subject of obstetrics']","[28991, 29031, 29077]"
129,"occupation historically and grammatically gendered male associated with book learning, ownership of a library",Masculine,"[""a Minister's library""]",[2696]
130,only men included in list of relatives,Multiple,"['including her father, Friedrich Auerbach, grandfather, Leopold Auerbach, uncle, Felix Auerbach, and cousin']",[31924]
131,photograph description assumes unknown people identify as either men or women (only two genders),Multiple,"['men and women', 'African men and women', 'men and women', 'several men and women', 'men and women', 'men, women and children', 'a small group of men and women', 'a group of African men, women and children', 'men and women', 'a group of men and women', 'a group of men, women and children', 'young women and of young men', 'a group of young men and women']","[55401, 55971, 57096, 57107, 57816, 58148, 58179, 58380, 58859, 59613, 59978, 68268, 68473]"
132,photograph description assumes unknown person's gender (man and woman),Feminine,"['unidentified man and woman', 'a group of men with a woman', 'a woman and a man', 'a man and woman', 'a man and a woman', 'a man and a woman', 'a man and a woman', 'a woman and a man', 'a man and a woman', 'a man and a woman', 'a woman and a man', 'a man and a woman', 'a man and a woman', 'a man and a woman', 'a woman and of a man', 'a man and a woman', 'a man and a woman', 'a woman and man', 'a woman and man', 'a woman and man', 'two women and a man', 'two women and a man', 'a man and woman', 'a man and woman', 'a man, woman', 'a young woman and a man', 'a man and a woman', 'a man and a woman', 'a man and a woman', 'a man and a woman', 'a man and a woman', 'a man and a woman', 'a man and a young woman', 'three men and a woman', 'a man and a woman', 'a man and a woman', 'a man and a woman', 'a man and a woman', 'a man and a woman', 'two men and a woman', 'a woman and a man']","[16176, 56450, 56624, 58250, 62936, 62941, 62986, 67860, 67895, 67898, 67905, 67913, 67917, 67921, 67962, 67966, 68130, 68144, 68147, 68150, 68197, 68201, 68375, 68378, 68385, 68434, 68477, 68484, 68488, 68492, 68504, 68507, 68524, 68580, 68683, 68687, 68691, 68695, 68764, 69063, 69290]"
133,photograph description assumes unknown person's gender (man and woman),Multiple,"['possibly a family of a mother, father, son and daughter', 'a woman and another man', 'man and woman', 'a small boy and a toddler girl', 'two women and a small boy', 'man and young woman', 'a group of men with a young woman, a boy', 'man and woman', 'man and woman', 'Two women and a boy', 'Man, woman and a boy', 'Woman and boy', 'Woman and boy', 'man and woman']","[58520, 58955, 62946, 68295, 68304, 68457, 68468, 68700, 69427, 70611, 70615, 70622, 72974, 76453]"
134,photograph description assumes unknown person's gender (man),Unclear,['showing a man'],[14279]
135,photograph description assumes unknown person's gender (man/men),Masculine,['unidentified males'],[14798]
136,photograph description assumes unknown person's gender (man/men),Unclear,['unidentified man'],[14682]
137,photograph description assumes unknown person's gender (man/men/boy),Masculine,"['two young boys', 'unidentified man', 'two unidentified men', 'two unidentified men', 'two unidentified men', 'two unidentified men', 'two unidentified men', 'unidentified man', 'two workmen', 'an unidentified man', 'two unidentified men', 'an unidentified man', 'a group of men and policemen', 'three men', 'a man', 'a man', 'several men and boys', 'men', 'two men', 'two men', 'a man', 'three young Mashona boys', 'a group of Bar Nomads, men', 'an Indian man', 'a man', 'an Indian man', 'an Indian man', 'a man', 'a man', 'two men', 'an Indian man', 'a group of Englishmen', 'a man', 'four men', 'a man', 'a man', 'an Indian man', 'a man', 'three men', 'a young man', 'men', 'a man', 'groups of men', 'three men', 'the men', 'a man', 'two Indian men', 'an Indian man', 'A group of men', 'a man', 'two Indian men', 'a man', 'a man', 'a small boy', 'a man', 'a man', 'a man', 'a man', 'two men', 'an Indian man', 'a man', 'a group of Egyptian men', 'One man', 'a man', 'a group of men', 'six indigenous men', 'a man', 'men', 'four men', 'six men', 'man', 'a man', 'men', 'a man', 'a man', 'Indian man', 'an Indian man', 'a group of Afridi men', 'an Indian man', 'two Indian men', 'a Western man', 'three men', 'two men', 'men', 'two men', 'two African men', 'a man', 'a group of four men', 'two Maori men', 'a man', 'a man', 'a man', 'several mens hands', 'men', 'men', 'a man', 'a man', 'three men', 'a man', 'a man', 'an Indian man', 'a group of men', 'a man', 'two boys', 'Western man', 'a man', 'a seated man', 'a man', 'a Tamil man', 'a group of Indian boys', 'men', 'six men', 'a man', 'a man', 'men', 'Uzbek men and boys', 'a man', 'a man', 'men', 'boys', 'a Maori man', 'a man', 'a man', 'two young boys', 'two men', 'a man', 'a man', 'a man', 'a group of men', 'a man', 'a man', 'a man', 'an unidentified man', 'a man', 'a man', 'a group of men', 'three [Indian?] men', 'a man', 'two men', 'a man', 'two men', 'men', 'two men', 'three men', 'a man', 'three men', 'a man', 'several Indian men', 'men', 'a man', 'a man', 'men', 'a man', 'a man', 'men', 'an Indian man', 'two Indian men', 'two men', 'a group of African men', 'three men', 'two men', 'two men', 'a man', 'men', 'a group of men', 'A man', 'men', 'a man', 'a man', 'a man', 'several men', 'a man', 'men', 'an unknown man', 'a man', 'a man', 'men', 'a man', 'men', 'an Indian man', 'a man', 'a man', 'a man', 'a group of men', 'a small crew of men', 'a man', 'two men', 'a man', 'a man', 'men', 'four men', 'a man', 'a man', 'men', 'a group of Khond men', 'Two men', 'a man', 'two men', 'a group of men', 'Some of the men', 'a group of men', 'one man', 'a man', 'a man', 'a man', 'a man', 'men', 'men', 'a man', 'three men', 'a man', 'a man', 'a man', 'a man', ""a man's hands"", 'a man', 'a man', 'a group of men', 'two men', 'two boys', 'a boy', 'a man', 'a man', 'a man', 'a man', 'one man', 'a man', 'a man', 'a man', 'a man', 'four African men', 'a man', 'an Indian man', 'three men', 'a man', 'a man', 'two young boys', 'a man', 'a man', 'a man', 'two men', 'a group of men', 'a man', 'two men', 'Indian men', 'men', 'men', 'four African men', 'a man', 'a man', 'a man', 'a man', 'two men', 'a young man', 'two men', 'an unidentified parade of men', 'a man', 'a man', 'Men', 'two men', 'men and boys', 'a man', 'two Egyptian men', 'a man', 'a young man', 'two boys', 'two men', 'a man', 'a man', 'four men', 'a man', 'two men', 'a little Indian boy', 'a boy', 'a man', 'a man', 'a man', 'a man', ""a man's hands"", 'two men', 'a group of men', 'Two Indian men', 'an Indian man in Western dress', 'men', 'a group of men', 'a man', 'men', 'two Indian men', 'two men', 'an Indian man', 'a man', 'a man', 'an Indian man', 'a man', 'two men', 'a group of Indian men', 'a man', 'a man', 'an older Khond man', 'a boy', 'two men', 'an African man', 'a man', 'men', 'a small boy', 'a group of men', 'two [Egyptian?] men', 'a Western man', 'a man', 'a man', 'a man', 'a man', 'the man', 'an Indian man', 'a group of men', 'men', 'men', 'a man', 'a man', 'two men', 'two men', 'a group of African men', 'an Indian man', 'men', 'Two men', 'a man', 'a man', 'men', 'a man', 'two young men', 'two men', 'two men', 'a man', 'a man', 'two men', 'a man', 'several men', 'a man', 'a group of Indian men', 'an Indian man', 'a man', 'a man', 'a man', 'a man', 'a man', 'an Arabic man', 'a man', 'two men', 'a man', 'a man', 'two men', 'a man', 'three Indian men', 'a group of men', 'two men', 'two men', 'a man', 'several men', 'a man', 'two men', 'a group of men', 'a man', 'a man', 'a group of men and boys', 'the man', 'Khond men', 'Both men', 'a man', 'a man', 'men', 'an Indian man', 'men', 'two men', 'a group of Indian men', 'two men', 'a third man', 'three men', 'two men', 'two men', 'two men', 'men', 'four men', 'two Indian men', 'a man', 'men', 'two men', 'men', 'a man', 'two men', 'two Monda [Munda] men', 'men and boys', 'a man', 'a man', 'men', 'a man', 'two men', 'a man', 'men', 'eleven men', 'a man', 'a man', 'two men', 'a group of men', 'two men', 'a man', 'a group of young Khond boys', 'A man', 'a man', 'two men', 'two men', 'four men', 'two men', 'a couple of men', 'a man', 'a man', 'a man', 'Men', 'some men', 'a man', 'a man', 'a man', 'a man', 'an Indian man', 'an Indian man', 'A man', 'a man', 'a man', 'several men', 'three men', 'a man', 'a man', 'three men', 'a man', 'a man', 'a man', 'three men', 'a man', 'a young boy', 'man', 'a male person', 'male person', 'male person', 'male person', 'a man', 'a man', 'a man', 'a man', 'a boy', 'male person', 'male person', 'a male person', 'a boy', 'a man and a boy', 'a man', 'a male person', 'a male person', 'a man', 'a man', 'a man', 'a man', 'a man', 'a man', 'a man', 'a man', 'a boy', 'a boy', 'a boy', 'a boy', 'a boy', 'a small boy', 'a man', 'a man', 'a man', 'a man', 'a man', 'a man', 'a man', 'three men', 'a boy', 'a man', 'a man', 'a man', 'a man', 'a man', 'a man', 'a man', 'a man', 'a man', 'a man', 'a Japanese man', 'a Japanese man', 'a group of men', 'a group of men', 'a group of men', 'a group of men', 'a group of men', 'a Japanese man', 'a group of men', 'a man', 'several men', 'several men', 'a bearded man', 'two bearded men', 'a group of men', 'a group of men', 'a man', 'a man', 'a man', 'a man', 'a man', 'two men', 'a man', 'a man', 'a man', 'a man', 'a man', 'a man', 'a group of men', 'a group of men', 'man', 'a group of men', 'a group of men', 'a man', 'a man', 'a group of men', 'a group of men', 'a man', 'a group of men', 'two men', 'two men', 'two men', 'Man and a boy', 'Man', 'a man', 'Man', 'Boy', 'male person', 'Man', 'Two men', 'man', 'man']","[15076, 15126, 15145, 15428, 15640, 15854, 16056, 16072, 16091, 16210, 16224, 16231, 55354, 55377, 55394, 55406, 55423, 55455, 55474, 55480, 55485, 55495, 55505, 55515, 55528, 55539, 55544, 55554, 55581, 55587, 55592, 55597, 55604, 55610, 55637, 55645, 55650, 55655, 55659, 55664, 55698, 55706, 55711, 55716, 55752, 55763, 55768, 55777, 55781, 55791, 55796, 55807, 55816, 55820, 55822, 55837, 55842, 55847, 55856, 55860, 55881, 55904, 55910, 55920, 55924, 55929, 55957, 55964, 55994, 56019, 56030, 56085, 56094, 56099, 56105, 56110, 56115, 56119, 56125, 56131, 56143, 56161, 56170, 56178, 56185, 56194, 56207, 56211, 56226, 56242, 56275, 56280, 56285, 56289, 56294, 56310, 56322, 56331, 56338, 56363, 56368, 56372, 56382, 56391, 56397, 56402, 56407, 56413, 56423, 56442, 56467, 56479, 56484, 56490, 56516, 56520, 56528, 56572, 56585, 56590, 56596, 56601, 56609, 56632, 56646, 56651, 56702, 56712, 56716, 56740, 56748, 56757, 56778, 56783, 56788, 56792, 56798, 56805, 56815, 56848, 56870, 56878, 56895, 56900, 56906, 56931, 56937, 56941, 56967, 56971, 56976, 56982, 56990, 56994, 57009, 57013, 57028, 57033, 57042, 57064, 57080, 57099, 57111, 57113, 57126, 57131, 57137, 57141, 57146, 57151, 57174, 57179, 57192, 57203, 57207, 57215, 57235, 57251, 57258, 57262, 57267, 57286, 57291, 57308, 57313, 57322, 57327, 57332, 57340, 57348, 57369, 57387, 57399, 57406, 57418, 57424, 57466, 57471, 57482, 57487, 57498, 57504, 57516, 57534, 57542, 57551, 57565, 57576, 57580, 57592, 57599, 57606, 57615, 57633, 57636, 57641, 57656, 57660, 57666, 57673, 57683, 57693, 57701, 57708, 57709, 57727, 57780, 57785, 57790, 57795, 57802, 57808, 57840, 57846, 57868, 57873, 57901, 57909, 57914, 57921, 57937, 57946, 57952, 57957, 57971, 57977, 57982, 57991, 57996, 58001, 58016, 58025, 58030, 58035, 58050, 58080, 58086, 58091, 58100, 58107, 58115, 58172, 58189, 58217, 58242, 58267, 58272, 58289, 58295, 58323, 58328, 58333, 58338, 58349, 58354, 58374, 58391, 58396, 58401, 58406, 58412, 58418, 58423, 58429, 58434, 58440, 58451, 58461, 58471, 58481, 58485, 58498, 58503, 58510, 58515, 58533, 58542, 58548, 58560, 58582, 58600, 58605, 58613, 58618, 58651, 58663, 58676, 58681, 58688, 58693, 58698, 58708, 58713, 58729, 58758, 58784, 58808, 58819, 58824, 58836, 58842, 58845, 58851, 58890, 58895, 58914, 58919, 58937, 58942, 58947, 58980, 59006, 59019, 59024, 59030, 59035, 59040, 59044, 59053, 59065, 59080, 59091, 59104, 59108, 59111, 59124, 59132, 59138, 59169, 59179, 59184, 59188, 59203, 59209, 59222, 59230, 59235, 59246, 59258, 59279, 59283, 59293, 59298, 59313, 59327, 59332, 59345, 59360, 59374, 59399, 59403, 59411, 59415, 59419, 59424, 59430, 59448, 59488, 59501, 59512, 59520, 59526, 59531, 59536, 59546, 59550, 59558, 59562, 59586, 59596, 59608, 59651, 59658, 59676, 59684, 59689, 59694, 59709, 59712, 59738, 59799, 59815, 59826, 59837, 59844, 59854, 59860, 59870, 59875, 59898, 59904, 59912, 59927, 59941, 59957, 59962, 59975, 59988, 59991, 60004, 60012, 60027, 60036, 60054, 60059, 60084, 62899, 62903, 62905, 62920, 62922, 62934, 62954, 62956, 62964, 62974, 62980, 63087, 64097, 67335, 67406, 67806, 67816, 67937, 67946, 67972, 67976, 68002, 68035, 68036, 68038, 68077, 68080, 68085, 68122, 68125, 68160, 68205, 68217, 68243, 68246, 68249, 68274, 68276, 68278, 68280, 68287, 68289, 68291, 68302, 68391, 68466, 68481, 68496, 68498, 68510, 68528, 68532, 68535, 68538, 68542, 68545, 68623, 68661, 68664, 68677, 68711, 68808, 68812, 68874, 68878, 68882, 68885, 68888, 68891, 68894, 68897, 68900, 68989, 69000, 69003, 69016, 69018, 69022, 69026, 69029, 69032, 69036, 69042, 69044, 69049, 69051, 69054, 69057, 69061, 69066, 69070, 69073, 69076, 69079, 69083, 69086, 69090, 69096, 69100, 69116, 69132, 69151, 69160, 69172, 69176, 70619, 70626, 71590, 72206, 72971, 76335, 76384, 76405, 76406, 76408]"
138,photograph description assumes unknown person's gender (man/men/boy),Multiple,"['other men and a boy', 'six other men', 'a woman', 'another man', 'one man while another', 'another man', 'another man', 'another man', 'a woman', 'another man', 'another man', 'two other men', 'another man', 'another man', 'two other men', 'another man', 'another man', 'another unidentified man', 'another man', 'another man']","[55414, 55914, 55935, 56064, 56315, 56387, 56810, 56853, 56950, 57156, 57271, 57585, 58006, 58040, 58466, 58564, 58764, 59341, 59865, 60063]"
139,photograph description assumes unknown person's gender (woman/women),Feminine,"['unidentified woman', 'a woman', 'indigenous Mexican women', 'woman', 'a woman']","[16187, 55669, 55900, 55984, 56003]"
140,photograph description assumes unknown person's gender (woman/women),Multiple,"['five unidentified females', 'two female workers', 'unidentified female worker', 'unidentified female', 'unidentified female', 'two unidentified females']","[14481, 14643, 14650, 14789, 14955, 16163]"
141,photograph description assumes unknown person's gender (woman/women/girl),Feminine,"['a little girl', 'two Egyptian women', 'a smiling young woman', 'eight women', 'three women', 'three women', 'three women', 'a woman', 'a woman', 'a woman', 'a Maori girl', 'a little girl', 'a young, unidentified girl', 'three women', 'a woman', 'a group of women', 'a group of Bhuija women', 'a woman', 'two women', 'a young girl', 'a woman', 'two Monda [Munda] women', 'a small group of [Zulu] women', 'two women', 'a little Indian girl', 'a Western woman', 'Four women', 'a group of women', 'a woman', 'four women', 'a woman', 'a woman', 'a woman', 'a woman', 'a woman', 'a woman', 'a woman', 'two women', 'a woman', 'a woman', 'a woman', 'a woman', 'a woman', 'a woman', 'a woman', 'a woman', 'a woman', 'a woman', 'with a woman', 'a woman', 'a woman', 'a woman', 'a woman', 'a woman', 'a woman', 'two women', 'two women', 'a woman', 'two women', 'a woman', 'a woman', 'a woman', 'a woman', 'two women', 'two women', 'a woman', 'a woman', 'a woman', 'a woman', 'a woman', 'a woman', 'two women', 'a woman', 'a woman', 'a woman', 'a woman', 'woman', 'two women', 'a woman', 'a woman', 'a woman', 'a woman', 'a woman', 'a woman', 'a woman', 'a woman', 'a woman', 'a woman', 'a woman', 'a woman', 'a woman', 'a woman', 'a woman', 'a woman', 'a young girl', 'a young girl', 'a young girl', 'a young girl', 'a woman', 'a woman', 'a woman', 'a woman', 'a woman', 'a woman', 'a woman', 'a woman', 'a woman', 'a woman', 'a woman', 'a woman', 'a woman', 'a woman', 'a woman', 'a small girl', 'a small girl', 'a woman', 'a woman', 'a woman', 'a woman', 'a young woman', 'a young woman', 'a young woman', 'a young woman', 'a young woman', 'a young woman', 'young woman', 'a woman', 'a woman', 'a young woman', 'a young woman', 'a young woman', 'woman', 'a woman', 'a woman, canoeing', 'two women', 'a woman', 'a woman', 'a woman', 'a woman', 'a woman', 'a woman', 'a woman', 'a woman', 'a woman', 'a woman', 'a woman', 'a woman', 'a woman', 'a woman', 'a woman', 'young Chinese woman', 'young Chinese woman', 'young Chinese woman', 'young Chinese woman', 'young Chinese woman', 'a young Chinese woman', 'a young Chinese woman', 'a young Chinese woman', 'a young Chinese woman', 'a young Chinese woman', 'a young Chinese woman', 'a young Chinese woman', 'a young Chinese woman', 'a young Chinese woman', 'a young Chinese woman', 'a woman and a girl', 'two girls', 'a woman', 'women', 'four women', 'a woman', 'a woman', 'a woman', 'a woman', 'a young woman', 'a woman', 'two women', 'woman', 'Woman', 'Woman', 'woman', 'Woman', 'woman', 'Woman', 'Woman', 'woman', 'woman', 'woman', 'woman', 'woman', 'woman', 'woman', 'Woman']","[56044, 56148, 56326, 56567, 56579, 56660, 56707, 56884, 56914, 57085, 57114, 57209, 57352, 57455, 57646, 57747, 57752, 57857, 57888, 57892, 58011, 58126, 58130, 58156, 58343, 58476, 59014, 59074, 59212, 59217, 59702, 59832, 60017, 60040, 62907, 62909, 62911, 62915, 62918, 62950, 62952, 62960, 62966, 62968, 62977, 62982, 67599, 67604, 67825, 67835, 67842, 67848, 67850, 67852, 67855, 67865, 67868, 67871, 67874, 67882, 67884, 67887, 67890, 67902, 67910, 67926, 67944, 67948, 67954, 67959, 67970, 67989, 67992, 67996, 67999, 68021, 68025, 68045, 68088, 68114, 68127, 68133, 68135, 68137, 68139, 68140, 68142, 68153, 68155, 68157, 68166, 68173, 68177, 68186, 68188, 68190, 68192, 68194, 68207, 68209, 68220, 68223, 68226, 68229, 68232, 68235, 68237, 68240, 68251, 68271, 68282, 68285, 68293, 68298, 68300, 68309, 68315, 68320, 68373, 68420, 68422, 68425, 68428, 68431, 68438, 68440, 68444, 68447, 68454, 68459, 68461, 68463, 68588, 68591, 68601, 68607, 68611, 68655, 68658, 68718, 68721, 68724, 68727, 68730, 68733, 68736, 68739, 68761, 68769, 68772, 68776, 68778, 68780, 68782, 68784, 68788, 68792, 68796, 68800, 68804, 68816, 68820, 68824, 68826, 68828, 68830, 68834, 68960, 68972, 68974, 68994, 69047, 69139, 69165, 69196, 69200, 69294, 69629, 70624, 70628, 72033, 72036, 72209, 72976, 73283, 74851, 75154, 75158, 76336, 76385, 76386, 76387, 76430]"
142,photograph description assumes unknown person's gender (woman/women/girl),Multiple,['the Maori girl'],[57116]
143,potentially problematic,Multiple,['If hens were women'],[45287]
144,presumably a woman referenced by first name only rather than last name only,Multiple,['Sheena'],[26136]
145,"primacy of man - house described as belonging to man even though woman lives their, too",Multiple,"[""A[lex] Easton's house""]",[58623]
146,reducing a horsewoman to her looks,Multiple,['Pretty'],[51070]
147,reducing a woman to her looks,Multiple,['Pretty'],[53504]
148,"returning to her career ""just wasn't to be""  - seems to imply young woman with children simply not cut out for full-time medical work",Multiple,"[""She twice tried to return to medicine full-time but this just wasn't to be.""]",[13683]
149,"seems to give lots of credit to people other than the woman who was just said to have found the davidson clininc in the previous sentence, winifred rushworth",Multiple,['men'],[54128]
150,should we really assume someone's gender based on a photograph?,Feminine,"['woman', 'woman', 'woman', 'woman', 'women', 'womwn', 'women', 'woman', 'woman', 'group of men and a woman', 'women', 'women', 'woman', 'women', 'women', 'women', 'woman']","[10086, 10446, 10451, 10456, 13498, 13505, 15344, 15621, 16181, 51703, 51727, 52010, 52027, 52045, 52117, 52158, 52230]"
151,should we really assume someone's gender based on a photograph?,Masculine,"['man', 'man', 'men', 'men', 'men', 'men', 'men', 'men', 'boys', 'men', 'boys', 'men', 'man', 'men', 'men', 'man', 'man', 'man', 'man', 'man', 'man', 'man', 'man', 'cowboys', 'cowboys', 'man', 'man', 'men', 'men', 'men', 'man', 'men', 'male', 'men', 'men', 'men', 'men', 'man', 'man', 'men', 'man', 'man', 'man', 'men', 'man', 'man', 'men', 'man', 'man', 'man', 'man', 'men', 'men', 'men', 'men', 'man', 'man', 'man', 'man', 'men', 'men', 'men', 'men', 'men', 'man', 'man', 'man']","[14684, 15127, 15147, 15430, 15442, 15643, 15857, 15868, 17375, 51679, 51684, 51691, 51696, 51722, 51734, 51741, 51747, 51763, 51768, 51774, 51787, 51792, 51810, 51818, 51835, 51866, 51874, 51881, 51890, 51895, 51906, 51922, 51929, 51935, 51942, 51950, 51956, 51962, 52002, 52005, 52020, 52033, 52054, 52089, 52095, 52103, 52109, 52146, 52177, 52183, 52191, 52197, 52202, 52221, 52234, 52247, 52268, 52273, 52279, 52286, 52298, 52313, 52317, 52329, 52335, 52362, 52378]"
152,should we really assume someone's gender based on a photograph?,Multiple,"['her', 'two boys, one girl', 'female']","[10460, 12538, 25422]"
153,should we really assume someone's gender based on a photograph?,Unclear,"['workmen', 'Negrette', 'a man', 'policeman']","[16094, 50479, 51751, 52357]"
154,should we really assume someone's gender based on a portrait?,Masculine,"['man', 'man']","[50199, 50205]"
155,should we really assume someone's gender based on a slide?,Masculine,"['Schoolboys', 'man']","[50970, 51666]"
156,should we really assume someone's gender based on a slide?,Multiple,['Mother'],[51091]
157,should we really assume someone's gender based on a slide?,Unclear,"['Men', 'Men', 'Men', 'His', 'Women', 'Man', 'Man', 'Milkman', 'Milkman', 'Man', 'Men', 'Milkmen', 'Men', 'Women', 'Woman', 'Men', 'Men', 'Men', 'Women', 'Man', 'Women', 'Girl', 'Man', 'Women', 'Man', 'Men', 'Lady', 'Man', 'Men', 'Tribesman', 'Man', 'His', 'Women', 'Women', 'Man', 'Woman', 'Women', 'Ladies', 'Husbandman', 'Woman', 'Man', 'Man', 'Men', 'Man', 'Women', 'Man', 'Man']","[50273, 50285, 50289, 50306, 50317, 50388, 50472, 50536, 50561, 50601, 50632, 50685, 50694, 50734, 50758, 50765, 50771, 50783, 50787, 50794, 50838, 50844, 50863, 50895, 50950, 50992, 51096, 51106, 51112, 51123, 51143, 51148, 51161, 51166, 51171, 51273, 51290, 51303, 51323, 51336, 51341, 51422, 51578, 51621, 51627, 51631, 51654]"
158,should we really assume someone's gender based on an engraving?,Multiple,['female'],[23256]
159,should we really assume someone's gender based on an illustration?,Masculine,['cowboy'],[51998]
160,should we really be guessing gender from a photograph?,Feminine,"['woman', 'woman', 'woman', 'woman', 'women', 'woman', 'women', 'girls', 'woman', 'woman', 'woman', 'woman', 'women', 'woman', 'woman', 'women', 'girl', 'woman', 'woman', 'girl', 'women', 'woman', 'woman', 'women', 'woman', 'woman', 'women', 'women', 'women', 'women', 'women', 'woman', 'women', 'women', 'woman', 'woman', 'girls', 'girls', 'woman', 'woman', 'girl', 'women']","[11912, 11919, 52443, 52648, 52765, 52826, 53171, 53236, 53362, 53385, 53406, 53461, 53526, 53649, 53745, 53808, 53871, 53933, 53945, 53967, 53988, 54062, 54191, 54369, 54386, 54401, 54491, 54655, 54718, 54756, 54863, 54997, 55097, 55183, 55205, 55273, 55295, 55302, 55310, 55326, 55333, 55402]"
161,should we really be guessing gender from a photograph?,Masculine,"['man', 'boy', 'man', 'man', 'man', 'man', 'his', 'him', 'man', 'man', 'man', 'man', 'men', 'cowboys', 'men', 'man', 'man', 'men', 'man', 'men', 'man', 'man', 'man', 'boy', 'man', 'man', 'men', 'men', 'man', 'man', 'man', 'men', 'man', 'man', 'man', 'cowboy', 'boys', 'men', 'man', 'man', 'men', 'man', 'man', 'men', 'man', 'man', 'men', 'man', 'men', 'men', 'men', 'men', 'men', 'man', 'man', 'man', 'man', 'boy', 'man', 'men', 'man', 'man', 'he', 'men', 'man', 'man', 'man', 'boy', 'men', 'boys', 'man', 'man', 'man', 'man', 'men', 'men', 'man', 'men', 'men', 'men', 'men', 'cowboys', 'boy', 'boy', 'man', 'men', 'men', 'man', 'man', 'man', 'man', 'men', 'man', 'his', 'man', 'man', 'men', 'man', 'men', 'men', 'man', 'man', 'man', 'man', 'him', 'man', 'his', 'cowboys', 'men', 'men', 'man', 'men', 'man', 'man', 'men', 'him', 'man', 'men', 'man', 'men', 'men', 'man', 'man', 'men', 'cowboy', 'men', 'man', 'men', 'man', 'man', 'men', 'man', 'men', 'cowboys', 'men', 'men', 'men', 'man', 'man', 'men', 'man', 'men', 'man', 'men', 'man', 'cowboy', 'man', 'man', 'man', 'boy', 'his', 'his', 'man', 'man', 'man', 'men', 'man', 'man', 'man', 'men', 'men', 'men', 'men', 'men', 'men', 'boys', 'man', 'men', 'man', 'men', 'man', 'man', 'men', 'men', 'man', 'men', 'man', 'men', 'men', 'men', 'man', 'man', 'men', 'men', 'man', 'man', 'men', 'men', 'man', 'his', 'men', 'man', 'man', 'men', 'man', 'man', 'his', 'man', 'man', 'man', 'men', 'men', 'men', 'men', 'man', 'man', 'men', 'man', 'men', 'men', 'men', 'men', 'man', 'man', 'men', 'man', 'men', 'man', 'men', 'man', 'man', 'his', 'men', 'man', 'men', 'him', 'man', 'man', 'men', 'man', 'men', 'men', 'man', 'men', 'man', 'men', 'man', 'man', 'men', 'boys', 'men', 'men', 'man', 'man', 'men', 'men', 'men', 'men', 'man', 'he', 'his', 'man', 'men', 'man', 'man', 'men', 'man', 'his', 'men', 'man', 'men', 'man', 'man', 'cowboy', 'man', 'men', 'men', 'cowboys', 'man', 'men', 'man', 'him', 'men', 'boy', 'men', 'boys', 'men', 'men', 'men', 'man', 'boys', 'men']","[26470, 26838, 52406, 52412, 52428, 52449, 52469, 52472, 52477, 52483, 52489, 52494, 52505, 52512, 52516, 52524, 52540, 52546, 52556, 52562, 52570, 52584, 52591, 52599, 52612, 52618, 52624, 52638, 52645, 52660, 52665, 52677, 52686, 52693, 52705, 52716, 52746, 52760, 52783, 52799, 52807, 52821, 52836, 52848, 52854, 52862, 52866, 52873, 52892, 52898, 52903, 52909, 52920, 52925, 52932, 52945, 52951, 52957, 52967, 52971, 52983, 52988, 52991, 53016, 53022, 53027, 53033, 53039, 53062, 53065, 53074, 53083, 53089, 53109, 53116, 53123, 53135, 53141, 53154, 53158, 53168, 53179, 53186, 53200, 53204, 53211, 53216, 53222, 53229, 53246, 53254, 53274, 53283, 53294, 53299, 53322, 53334, 53346, 53367, 53373, 53379, 53391, 53396, 53402, 53415, 53420, 53423, 53428, 53432, 53437, 53444, 53467, 53482, 53488, 53522, 53528, 53540, 53550, 53555, 53559, 53566, 53584, 53613, 53619, 53683, 53694, 53704, 53710, 53729, 53740, 53756, 53762, 53784, 53790, 53814, 53825, 53831, 53852, 53859, 53863, 53876, 53890, 53919, 53924, 53929, 53941, 53949, 53954, 53958, 53962, 53973, 53975, 53996, 54002, 54008, 54014, 54021, 54034, 54051, 54081, 54088, 54094, 54109, 54117, 54160, 54165, 54197, 54215, 54232, 54237, 54253, 54276, 54296, 54306, 54315, 54319, 54346, 54351, 54364, 54376, 54382, 54396, 54406, 54430, 54436, 54442, 54447, 54454, 54466, 54476, 54483, 54500, 54505, 54510, 54520, 54525, 54529, 54533, 54538, 54543, 54594, 54599, 54615, 54640, 54646, 54651, 54662, 54667, 54673, 54683, 54733, 54751, 54764, 54792, 54797, 54806, 54829, 54853, 54859, 54872, 54889, 54893, 54899, 54903, 54905, 54907, 54912, 54925, 54947, 54954, 54979, 54984, 54988, 54993, 55002, 55017, 55023, 55031, 55037, 55042, 55047, 55052, 55056, 55063, 55069, 55092, 55117, 55132, 55149, 55155, 55164, 55178, 55189, 55198, 55210, 55216, 55228, 55231, 55242, 55248, 55253, 55261, 55268, 55284, 55321, 55355, 55378, 55391, 55395, 55398, 55407, 55410, 55415, 55419, 55424, 55428, 55454, 55475, 55481, 55486, 55496, 55507]"
162,should we really be guessing gender from a photograph?,Multiple,"['her', 'her']","[54066, 54071]"
163,should we really be guessing gender from a photograph?,Unclear,"['milkmen', 'policeman', 'tribesman', 'tribesman', 'milkman', 'policeman', 'policemen']","[52401, 53519, 53908, 54473, 54635, 55161, 55361]"
164,should we really be guessing gender from an image?,Masculine,['man'],[54839]
165,speculation about woman's life not found in biographies of men,Multiple,"['As a young married woman with two small children - Kathleen and Margaret - she found it difficult to keep her medical career going', ""She twice tried to return to medicine full-time but this just wasn't to be""]","[13660, 13682]"
166,"spouse, presumably a woman, described in relation to husband",Multiple,"['his spouse', 'his spouse']","[28016, 28031]"
167,stereotype of men being accounting students in material is described in metadata,Masculine,"['designed for a male', 'designed for a male', 'designed for a male student']","[28591, 28597, 28604]"
168,suggests influence of husband on woman's interests without much evidence to support this,Multiple,['influenced by the interests of her husband'],[49499]
169,"the word ""female"", when used as a noun to refer to human beings, reduces women to their reproductive abilities. it is often used in a derogatory sense and can be insulting. the word ""women"" should be used instead.",Multiple,"['unidentified females', 'female', 'female', 'females']","[14482, 14792, 14957, 16167]"
170,the word 'male' as a noun used for humans - reduces men to their biology,Masculine,['males'],[14800]
171,this seems to portray a woman with plenty of qualifications as weak on her own,Multiple,['Her confidence in analytic psycho-therapy was strengthened'],[31268]
172,"this takes away credit from the woman who was just said to have found the davidson clininc in the previous sentence, winifred rushworth",Multiple,['they worked together for sixteen years establishing the Davidson Clinic'],[31272]
173,vague. the activities of `women's groups` not specified. this creates the impression that their activities are of lesser importance.,Multiple,"[""women's groups""]",[803]
174,vehicle given female name,Multiple,"['Empress of Britain', 'Empress of Britain', 'Empress of Britain', 'Empress of China', 'Empress of India', 'Empress of Japan', 'Empress of Britain', 'Empress of Ireland', 'Empress of Asia', 'Empress of Russia', 'Empress of France', 'Empress of Scotland', 'Empress of Britain', 'Empress of England', 'Empress of Britain', ""The ship's maiden voyage"", 'Empress of Britain', 'Queen Anna Maria', 'Mary Rose', 'Empress of Britain', 'Empress of Britain', 'Empress of Britain', 'Empress of Britain', 'Empress of Britain', 'Empress of England', 'Empress of Britain', 'Empress of Britain', 'Empress of Britain']","[32471, 32473, 32475, 32478, 32480, 32482, 32483, 32485, 32487, 32489, 32491, 32493, 32495, 32498, 32500, 32503, 32505, 32507, 45108, 49043, 49049, 49051, 49059, 49063, 49066, 49068, 49075, 49079]"
175,vehicle referred to by female role,Multiple,"['the sister ship', ""The ship's maiden voyage""]","[49064, 49073]"
176,very positive claim made about a man without any evidence being provided to back it up,Masculine,['the most influential anatomy professor in the English speaking world'],[41397]
177,"why female voices, not a soprano or alto voice?  what if non-female person has high voice?",Multiple,"['female', 'female', 'female', 'female', 'female', 'female', 'female', 'female', 'female', 'female', 'female', 'female', 'female', 'female', 'female']","[7900, 7909, 8047, 8053, 8059, 8068, 8107, 8630, 11165, 11592, 11604, 12089, 12100, 12111, 12118]"
178,"why female voices, not simply soprano, alto, tenor, bass?",Multiple,['female'],[8889]
179,"why female voices, not soprano or alto voices?",Multiple,['female'],[11680]
180,"woman associated with 'personal, family and' matters",Multiple,"['Letters to Florence Jewel Baillie from her father, Richard Fowler, covering personal, family and social matters.']",[1735]
181,woman associated with house,Feminine,['Housewife'],[26196]
182,woman associated with house,Unclear,['housekeeping tips and matters of general interest to Florence Jewel Baillie'],[1111]
183,"woman associated with personal, family, and social matters",Unclear,"['Letters from Mai Fowler to Florence Jewel Baillie, covering personal matters along with wider family and social ones.']",[2700]
184,woman described as object,Feminine,['not only intend to give me a church but a wife also'],[27448]
185,woman described as possession of a man who isn't even the focus of the collection,Multiple,['his wife'],[27462]
186,"woman described due to relation to a man (""lord warriston"")",Multiple,"['through his mother Rachel, grandson of']",[17179]
187,"woman described in relation to a man (""his daughter"")",Masculine,['his daughter'],[59788]
188,"woman described in relation to a man (""his wife"")",Multiple,['his wife'],[59795]
189,"woman described in relation to a man (""maternal grandmother"")",Multiple,"['his Episcopalian, Jacobite maternal grandmother']",[60319]
190,"woman described in relation to a man (""wife"")",Multiple,"['his first wife', 'his third wife']","[61581, 61594]"
191,woman described in relation to her role in family and to man,Multiple,['gave birth to'],[49521]
192,"woman described in relation to her role in family and to man (""...married..."")",Multiple,['married'],[49517]
193,woman described in relation to man,Feminine,"['wife of Rev. Norman Macleod', 'His wife', 'His wife', 'His second wife', ""R. George Jaap's wife Edna"", ""Greenwood's widow Josephine Greenwood"", ""Janet ('Vera') Crockett was Alan Greenwood's first wife"", 'His wife, Queen Alexandra', 'His widow, Lady Dunrossil', 'sister of Drummond of Hawthornden', ""Gibbon's wife"", ""Hector's wife"", 'His wife, Lady Elliot']","[10057, 13772, 13816, 13890, 14720, 16014, 16276, 22521, 24789, 25753, 27394, 37454, 45042]"
194,woman described in relation to man,Multiple,"['himself and his wife', 'John Baillie and his wife', 'his wife Florence Jewel Baillie', 'John Baillie and his wife', 'his wife Florence Jewel Baillie', 'his wife Florence Jewel Baillie', 'his wife Florence Jewel Baillie', 'John Baillie and his wife', 'his wife Florence Jewel Baillie', 'his wife Florence Jewel Baillie', 'his wife Florence Jewel Baillie', 'his wife Florence Jewel Baillie', 'his wife Florence Jewel Baillie', 'his wife Florence Jewel Baillie', 'his wife Florence Jewel Baillie', 'his wife Florence Jewel Baillie', 'his wife Florence Jewel Baillie', 'his mother Annie Baillie', 'his wife Florence Jewel Baillie', 'his wife Florence Jewel Baillie', 'his wife Florence Jewel Baillie', 'She was the sister of John Binnie', 'his daughter Maria', ""The caption notes that Ruth Lerner 'of Berkeley, California', is the 'wife of Professor I. Michael Lerner'"", 'his new wife', 'his wife', 'his wife Anne', 'with his wife', 'his wife', 'A parish minister and his wife', 'his wife Jane Barritt', 'his wife', 'his wife, the pathologist Dr. Mary MacDonald', 'his wife, Andromache', 'his daughter, Thetis', 'Helen Crew, the wife of geneticist, Francis Crew', 'his wife, Susanna Hotelling', 'his wife, Jennie Hutchinson', 'His wife, by then Lady Thomson', 'gave birth to the author/philosopher/polymath Herbert Spencer', 'Wife of the President of Mexico', 'Daughter of the President', 'Naomi Shankland, the thirteen year-old daughter of John Shankland', 'Senora Ignacio de la Torre, daughter of the President Porfirio Diaz']","[626, 859, 872, 962, 1197, 1368, 1414, 1555, 1661, 1773, 2006, 2158, 2201, 2295, 2374, 2477, 2588, 2742, 2755, 2766, 3403, 13592, 14217, 14929, 16481, 17254, 17420, 17443, 21346, 31156, 32745, 33543, 33971, 37867, 38010, 38880, 39689, 40869, 41007, 49522, 50702, 51367, 53768, 53882]"
195,"woman described in relation to man (""daughter of"")",Masculine,['daughter of the Rev. J. S. Whale'],[45025]
196,"woman described in relation to man (""daughter of"")",Unclear,"['daughter', 'daughter', 'daughter of', 'Daughter of', 'daughter of', 'daughter of']","[28743, 49511, 49708, 51366, 53884, 57165]"
197,"woman described in relation to man (""his daughter"")",Masculine,"['daughter of Isaac Taylor', 'daughter of']","[35165, 53771]"
198,"woman described in relation to man (""his second wife"") rather than on equal footing as the man (mother & father)",Multiple,['by his second wife Margaret Halcro'],[32223]
199,"woman described in relation to man (""his spouse"")",Masculine,['Agnes Chrystiesone his spous'],[28081]
200,"woman described in relation to man (""his wife"" rather than ""husband and wife"")",Multiple,['he and his new wife'],[16478]
201,"woman described in relation to man (""his wife"" rather than ""husband and wife""), ""daughter of"" lists paternal side before maternal side",Multiple,"['Florence Jewel Fowler was born in 1893, at Erdington, near Birmingham, the daughter of Richard Fowler, land agent & surveyor, and his wife Florence Pearse.']",[3719]
202,"woman described in relation to man (""his wife"" rather than ""husband and wife""), ""son of"" lists paternal side before maternal side",Multiple,"['John Baillie was born in 1886, the son of Rev John Baillie ( 1829-1891), Free Church minister at Gairloch, Ross & Cromarty in the north-west of Scotland, and his wife Annie Macpherson', 'John Baillie was born in 1886, the son of Rev John Baillie ( 1829-1891), Free Church minister at Gairloch, Ross & Cromarty in the north-west of Scotland, and his wife Annie Macpherson.']","[3065, 3819]"
203,"woman described in relation to man (""his wife"")",Multiple,"['his wife', 'his wife', 'his wife', 'his wife', 'his wife, Catherine', 'his wife, Susanna Hotelling', 'his wife', 'his wife', 'his wife']","[27853, 27863, 27880, 27977, 35730, 39688, 45463, 45500, 53671]"
204,"woman described in relation to man (""mother of"")",Multiple,"[""mother of the 'Laird of Hoddom'""]",[47996]
205,"woman described in relation to man (""sister"")",Unclear,"[""from Sir James Duff's sister""]",[35872]
206,"woman described in relation to man (""wife of"")",Feminine,['wife of'],[58167]
207,"woman described in relation to man (""wife of"")",Multiple,"['Mrs Crew is likely Helen Crew, the wife of geneticist, Francis Crew.', 'Helen Crew, wife of the geneticist, Francis Crew']","[38877, 40397]"
208,woman described in relation to man - why couldn't the wife also be a farmer?,Multiple,"[""farmer's wife"", ""farmer's wife""]","[53657, 53663]"
209,"woman described in relation to other person (""wife of"")",Multiple,"[""The caption notes that Ruth Lerner 'of Berkeley, California', is the 'wife of Professor I. Michael Lerner'.""]",[14930]
210,"woman described in terms of family relations first, professional achievements second",Multiple,"['She was the sister of John Binnie, born in 1894.']",[13593]
211,woman described in terms of family relations only,Feminine,"['wife of Rev. Norman Macleod', ""R. George Jaap's wife Edna""]","[10058, 14721]"
212,woman described in terms of family relations only,Multiple,"['his wife Annie Macpherson', 'He was the twin brother of Helen Euphemia Logie.', ""the 'wife of Professor I. Michael Lerner'"", 'the wife of the President of Mexico']","[3079, 13835, 14934, 58164]"
213,woman described in terms that don't mention an occupational noun,Feminine,['working at Edinburgh University Library'],[33838]
214,woman described in terms that don't mention an occupational noun,Multiple,"['Winifred was working in the Mission Hospital, Jalna, in central India, doing surgical work and inoculations against bubonic plague and cholera', 'she did surgical work in a womens hospital there', 'At Bletchley Park she was working with the team of allied codebreakers']","[31240, 31244, 33831]"
215,woman described primarily by her marriage status,Multiple,['Mrs. Pankhurst (Emily Pankhurst)'],[77177]
216,"woman identified with first name, while man with surname in the same sentence. it suggests different degree of recognition accorded to men and women. referring to women by their first name in a professional context is infantilising.",Multiple,"[""Waddington's letters to Yolanda"", ""Waddington's letters to Yolanda""]","[76836, 76935]"
217,woman infantilised by the qualifier 'lovely',Multiple,['lovely Paget twins'],[63025]
218,woman not the owner of her achievement,Multiple,['who will regard the honour done by Edinburgh University as a personal honour to themselves'],[77064]
219,"woman referenced by diminutive/nickname and first initial of last name, while man's name (g. beale) that follows is first initial and full last name",Unclear,['Lotte A'],[31708]
220,"woman referenced by first name, man referenced by last name",Unclear,"[""Waddington's letters to Yolanda chiefly concern arrangements for meeting and potential work opportunities for Yolanda"", ""Waddington's letters to Yolanda chiefly concern arrangements for meeting and potential work opportunities for Yolanda""]","[76837, 76936]"
221,"woman referenced by sexuality - ""virgin"" (biblical)",Unclear,['Virgin'],[51375]
222,"woman to be given as a gift, described like the church, as property",Multiple,['not only intend to give me a church but a wife also'],[27447]
223,"woman unnamed, described in relation to man (""his wife"")",Multiple,['his wife'],[56923]
224,woman's actions attributed to her husband's position and not her interests,Multiple,"[""Following John Baillie's appointment as Moderator of the General Assembly of the Church of Scotland in 1942, Florence Jewel Baillie attended Assembly and related events and meetings as his wife""]",[4209]
225,woman's biographical description contains lengthy discussion of male family member's professional career,Multiple,"['Her brother had also graduated as a doctor, and during the First World War he served on submarines.']",[13625]
226,woman's career progress attributed to male authority figure,Multiple,['moving across with him'],[16336]
227,woman's interests attributed to her husband,Multiple,"['Unusually, this commonplace book contains articles not normally associated with the readings of a young lady of this period and might well be at least partially influenced by the interests of her husband']",[49495]
228,"woman's professional achievements represented as contributions to husband's work, rather than achievements on their own right",Multiple,"[""Jewel took an active interest in her husband's work, accompanying when he travelled, sitting on charitable committees, looking after missionary furlough houses and much more""]",[3754]
229,"woman's professional achievements represented as contributions to male family member's career, rather than achievements on their own right",Multiple,['John Binnie set up a medical practice in Midcalder and Susan Binnie worked for him in the practice for a short while'],[13638]
230,"woman's role reduced to husband's auxiliary. a better alternative: violet and arthur jacob moved to india, where arthur served with the ...",Multiple,['She accompanied him to India where he was serving'],[77098]
231,woman's work framed around the life of a man,Masculine,"['From the late 1960s until his death in 1975, Yolanda Sonnabend collaborated with the biologist and embryologist C.H. Waddington']",[76999]
232,woman's work unrecognized,Multiple,['she was not credited as an illustrator'],[77041]
233,"woman`s identity defined in terms of family relations first, occupation second, suggesting that her work and career was of lesser importance",Multiple,"['Elizabeth Catherine (Elsa) Gallant was a cousin to John Donald Macpherson and Peter Baillie, and she lived with the family throughout much of their young life. She spent her working life as a nurse and became matron of Newcastle General Hospital.']",[3360]
234,women associated with family and social matters,Feminine,"['covering personal, family and social matters', 'covering personal, family and social matters', 'covering personal, family and social matters']","[1219, 1748, 3049]"
235,women associated with menial work,Feminine,['unidentified woman packing eggs'],[16188]
236,women associated with menial work,Multiple,['two female workers pedigreeing a hatch of chicks'],[14644]
237,women associated with menial work and referred to as 'girls',Multiple,"[""a couple of 'land-girls' that assist with his pigs on his farm""]",[58210]
238,"women associated with personal, family, and social matters",Multiple,"['Letters to Florence Jewel Baillie from her aunts, Mary and Sarah Fowler, covering personal, family and social matters']",[3033]
239,women associated with procreation,Multiple,"['the problem of intelligent women negating to have families because of their occupation, with reference to one unnamed woman who works with Thomson']",[39708]
240,"women being associated only with personal, family, housekeeping and social matters",Feminine,['housekeeping tips and matters of general interest to Florence Jewel Baillie'],[1112]
241,"women being associated only with personal, family, housekeeping and social matters",Multiple,"['Letters to Florence Jewel Baillie from her mother, Florence Fowler, covering personal, family and social matters', 'Letters to Florence Jewel Baillie from her father, Richard Fowler, covering personal, family and social matters']","[1206, 1734]"
242,women described in an infantilising and demeaning manner,Feminine,['Sweet girl graduates'],[25438]
243,"women picking flowers - associated with beauty, reproduction, sexuality",Multiple,"['two women gathering flowers in a poppy field', 'a woman, J.G., picking flowers on the bank of the Vedder River']","[58157, 60041]"
244,"women's diseases need to be taken as specific class, rather than worked into regular medical classes",Multiple,['Diseases of Women'],[25507]
245,"young women described as ""sweet girl""",Feminine,['Sweet girl'],[25437]
